1	Abdi, Ali A.
2	Jones, Dafydd
3	Andina, Tiziana
4	Aristotle
5	Aristotle
6	Oppenraaij, Aafke M. I. van
7	Scot, Michael
8	King, Daniel
9	Oppenraaij, Aafke M. I. van
10	Fontaine, Resianne
11	L.S. Filius
12	Aydin, Sami
13	Sergius Rescainae
14	Themistius
15	Meyrav, Yoav
16	Themistius
17	Lecercle, Jean-Jacques
18	Arakawa, Shūsaku
19	Gins, Madeline
20	Kral, Françoise
21	Benesch, Klaus
22	Cleary, John J
23	Gurtler, Gary M.
24	Altman, William H. F.
25	Falcon, Andrea
26	Tarrant, Harold
27	Layne, Danielle A
28	Baltzly, Dirk
29	Renaud, François
30	Bouras-Vallianatos, Petros
31	Zipser, Barbara
32	Moore, Christopher
33	Sophia Xenophontos
34	Katerina Oikonomopoulou
35	Schabel, Christopher David
36	Kirby, W. J. Torrance
37	Rummel, Erika
38	Newton, Lloyd A
39	Fantazzi, Charles
40	Kallendorf, Hilaire
41	Wilson, Gordon Anthony
42	McGuire, Brian Patrick
43	Kaylor, Noel Harold
44	Phillips, Philip Edward
45	Moreno-Riano, Gerson
46	Nederman, Cary J
47	McGrady, Deborah L.
48	Bain, Jennifer
49	Hoffmann, Tobias
50	Hackett, Jeremiah
51	Lagerlund, Henrik
52	Thom, Paul
53	Resnick, Irven Michael
54	Conti, Alessandro D
55	Amerini, Fabrizio
56	Andersen, Elizabeth
57	Kienzle, Beverly Mayne
58	Hammond, Jay M. Ph. D
59	Hellmann, J.A. Wayne
60	Goff, Jared
61	Kaufmann, Matthias
62	Arblaster, John
63	Maryks, Robert A.
64	Salas, Victor M
65	Șmahel, Frantișek
66	Pavlic̦ek, Ota
67	Grellard, Christophe
68	Slotemaker, John Thomas
69	Witt, Jeffrey C
70	Rode, Christian
71	Hornbeck, J. Patrick
72	Bequette, John P
73	Briggs, Charles F
74	Riedl, Matthias
75	Dutton, Marsha
76	Terry, Wendy Rachele
77	Maryks, Robert A
78	Feiss, Hugh
79	Mousseau, Juliet
80	Côté, Antoine
81	Austin, Amy M.
82	Johnston, Mark D
83	Ibarz, Alexander
84	Sergent, F. Tyler
85	Guiu, Adrian
86	Lahey, Stephen
87	Fear, Andrew
88	Wood, Jamie
89	Jun, Nathan J.
90	Millán, Elizabeth
91	Kim, Alan
92	Borghini, Andrea
93	Casetta, Elena
94	Francev, Peter
95	Kałuża, Maciej
96	Sharpe, Matthew
97	Ge, Zhaoguang
98	Chen, Guying
99	Hertzer, Dominique
100	Zhaoguang, Ge
101	Bos, A. P
102	Ferwerda, R
103	Brenk, Frederick E
104	Roig Lanzillotta, Lautaro
105	Lesage, Luisa
106	Leão, Delfim Ferreira
107	Pérez Jiménez, Aurelio
108	Roig Lanzillotta, Lautaro
109	Plutarch
110	Tanga, Fabio
111	Plutarch
112	Frazier, Françoise
113	Jouët-Pastré, Emmanuelle
114	Finkelberg, Margalit
115	Bonazzi, Mauro
116	Ulacco, Angela
117	Forcignanò, Filippo
118	Brzezinski, Jerzy
119	Klawiter, Andrzej
120	Kuipers, Theo A. F
121	Duhem, Pierre Maurice Marie
122	Jaki, Stanley L
123	Oudemans, Th. C. W.
124	Lardinois, A. P. M. H
125	Akkerman, Fokke
126	Vanderjagt, Arie Johan
127	Craig, William Lane
128	Lermond, Lucia
129	Curley, E. M
130	Moreau, Pierre-François
131	Dales, Richard C
132	Otten, Willemien
133	Popkin, Richard H
134	Boucher, Wayne I
135	Bulhof, Ilse Nina
136	Laursen, John Christian
137	Krook-Gilead, Dorothea
138	Southgate, Beverley C
139	Colish, Marcia L
140	Manns, James W
141	Spruit, Leen
142	Ruler, J. A. van
143	Shehadi, Fadlou
144	Bunge, Wiep van
145	Klever, W. N. A
146	Floridi, Luciano
147	Ramelow, Tilman
148	Poel, Marc van der
149	Murdoch, John Emery
150	Sylla, Edith Dudley
151	McVaugh, M. R
152	Westerman, Pauline C
153	Popkin, Richard Henry
154	Force, James E
155	Katz, David S
156	Laan, A. H. van der
157	North, John David
158	Nauta, Lodi
159	Goudriaan, Aza
160	Rijk, Lambertus Marie de
161	Kardaun, Maria
162	Spruyt, Joke
163	Whitman, Jon
164	Jacquette, Dale
165	Gianotti, Timothy J
166	Bejczy, István Pieter
167	Lehrich, Christopher I
168	Bocken, Iñigo Kristien Marcel
169	Mooij, J. J. A
170	Fisher, S
171	Wilson, Stephen A
172	Knuuttila, Simo
173	Hirvonen, Vesa
174	Holopainen, Toivo J
175	Tuominen, Miira
176	Davenport, Anne Ashley
177	Mazzocco, Angelo
178	Van Ruler, Han
179	Uhlmann, Anthony
180	Wilson, Martin
181	Lehner, Ulrich L.
182	Warnar, Geert
183	Crouse, Robert D
184	Hannam, Walter
185	Treschow, Michael
186	Juste, David
187	Corrigan, Kevin
188	O'Brien, Denis
189	Stern-Gillet, Suzanne
190	Catana, Leo
191	Bots, Hans
192	Lennon, Thomas M
193	Rothkamm, Jan
194	James of Viterbo, Archbishop of Naples
195	Dyson, R. W
196	Lærke, Mogens
197	Miert, Dirk van
198	Pietarinen, Juhani
199	Viljanen, Valtteri
200	Maia Neto, José Raimundo
201	Paganini, Gianni
202	Ben-Tov, Asaph
203	Talbot, Ann
204	Almási, Gábor
205	Baumgold, Deborah
206	Poliziano, Angelo
207	Celenza, Christopher S.
208	Pranger, M. B
209	Jorink, Eric
210	De Bom, Erik
211	Clucas, Stephen
212	Forshaw, Peter J
213	Rees, Valery
214	Nifo, Agostino
215	Bejczy, I
216	Mulsow, Martin
217	Lee, Alexander (Historian)
218	Mortimer, Sarah
219	Robertson, John
220	Sgarbi, Marco
221	Velthuysen, Lambert van
222	De Mowbray, Malcolm
223	Secretan, Catherine
224	Deutsch, Yaacov
225	Herzig, Tamar
226	Heyd, Michael
227	Edwards, Michael
228	Ziebart, K. M
229	Cohen, Simona
230	Hellemans, Babette
231	Edelheit, Amos Ph.D
232	Vance, Jacob
233	Tuominen, Miira
234	Prins, Jacomien
235	Sluis, Jacob van
236	Zabarella, Jacopo
237	García Valverde, José Manuel
238	Matava, R. J
239	Bayle, Pierre
240	Demeter, Tamás
241	Ciccolella, Federica
242	Silvano, Luigi
243	Fukuoka, Atsuko
244	Kraye, Jill
245	Ossa-Richardson, Anthony
246	Yoon, Hye-Joon
247	Andrault, Raphaële
248	Pinzani, Roberto
249	Mertens, Manuel
250	Bunge, Wiep van
251	Schuessler, Rudolf
252	Lennon, Thomas M.
253	Cappello, Orazio
254	McCain, Kevin
255	Poston, Ted
256	Wadiwel, Dinesh Joseph
257	Schlegel, Johannes
258	Hansen, Brita
259	Chowdhury, Aniruddha
260	Trifonova, Temenuga
261	Öztürk, Maya Nanitchkova
262	Halden, Grace
263	Madlo, Gabriela
264	Botz-Bornstein, Thorsten
265	Askay, Richard
266	Farquhar, Jensen
267	Longhin, Luigi
268	Kavanaugh, Patrick B
269	Pearl, Joel
270	Błocian, Ilona
271	Kuzmicki, Andrew
272	Kuzma, Joseph D.
273	DelMonte, Michael M.
274	Halpin, Maeve
275	Woezik, Cia van
276	Cobben, Paul
277	Green, Garth
278	Loose, Donald
279	Mołczanow, Aleksy
280	Labuschagne, Barend Christoffel
281	Slootweg, Timo
282	Trisokkas, Ioannis
283	Rózsa, Erzsébet
284	Nyirkos, Tamas
285	Krijnen, Christian
286	Josifovic, Sasa
287	Sparby, Terje Stefan
288	Hoffmann, Thomas Sören
289	Healan, David
290	Testa, Italo
291	Faizzada, Walid
292	Westphal, Kenneth R
293	Oehl, Thomas
294	Kok, Arthur
295	Saša Josifović; Jörg Noller (Editors)
296	Christian H. Krijnen (Editor)
297	Christian Krijnen
298	Garner, Ben
299	Pavlenko, Sonia
300	Shaheen, Salma
301	Wolanski, Alison
302	Ibn Ezra, Abraham ben Meïr
303	Sela, Shlomo
304	Māshāʼallāh
305	Cohen, Mordechai Z
306	Sackson, Adrian
307	Dascalu, Raphael
308	McGrath, S. J.
309	Wierciński, Andrzej
310	Lischewski, Andreas
311	Babich, Babette E.
312	Denker, Alfred
313	Zaborowski, Holger
314	Foley, Aoife Padraigín
315	Cercel, Cosmin Sebastian
316	Ozpinar, Cihan
317	Lejeune, Denis
318	Janke, Wolfgang
319	Heumann, Lucia Theresia
320	Breazeale, Daniel
321	Rockmore, Tom
322	Muller, Mathias
323	Heereman, Franziskus von
324	Acosta, Emiliano
325	Munster, Harald
326	Wood, David W.
327	Zoller, Gunter
328	Von Manz, Hans George
329	Zöller, Günter
330	Manz, Hans Georg von
331	Asmuth, Christoph
332	Gerten, Michael
333	Stolzenberg, Jürgen
334	Rudolph, Oliver-Pierre
335	Lang, Stefan
336	Ficara, Elena
337	Binkelmann, Christoph
338	Radrizzani, Ives
339	Coves, Faustino Oncina
340	Schnell, Alexander
341	Kuneš, Jan
342	D'Alfonso, Matteo
343	d?Alfonso, Matteo Vincenzo
344	Helmut Girndt (Editor)
345	Klotz, Christian
346	D'Alfonso, Matteo
347	Christian Klotz
348	Matteo Vincenzo d'Alfonso
349	Signal, Tania
350	Taylor, Nik
351	Boddice, Rob
352	Potts, Annie
353	Chrulew, Matthew
354	Herrmann, Kathrin
355	Benz-Schwarzburg, Judith
356	García Valverde, José Manuel
357	Maxwell-Stuart, P. G.
358	Pereira, Gometius
359	Sonenscher, Michael
360	Bidet, Jacques
361	Kouvélakis, Eustache
362	Linden, Marcel van der
363	Boer, Roland
364	MacIntyre, Alasdair C
365	Blackledge, Paul
366	Davidson, Neil
367	Lebowitz, Michael A
368	Day, Richard B.
369	Gaido, Daniel
370	Lahtinen, Mikko
371	Griffiths, Gareth
372	Kölhi, Kristina
373	Thomas, Peter D
374	Banaji, Jairus
375	Carchedi, Guglielmo
376	Hudis, Peter
377	Coutinho, Carlos Nelson
378	Sette-Camara, Pedro
379	Brown, Heather A
380	Basso, Luca
381	Tomba, Massimiliano
382	Farris, Sara R
383	Vogel, Lise
384	Barker, Colin
385	Bellofiore, R
386	Starosta, Guido
387	Rehmann, Jan
388	Roth, Karl Heinz
389	Aricó, José
390	Broder, David
391	Carlucci, Alessandro
392	Tombazos, Stavros
393	Rosengarten, Frank
394	Moseley, Fred
395	Smith, Tony
396	Henning, Christoph
397	Morfino, Vittorio
398	Shandro, Alan
399	Sacristán Luzón, Manuel
400	Llorente, Renzo Tramer
401	Henniger, Max
402	Spronk, Susan
403	Webber, Jeffery R
404	Blanc, Paul le
405	Davenport, Tim
406	Korsch, Karl
407	Palmer, Bryan D
408	Marx, Karl
409	Fowkes, Ben
410	Liguori, Guido
411	Del Roio, Marcos
412	Maidansky, Andrey
413	Bogdanov, A
414	Foster, John Bellamy
415	Burkett, Paul
416	Finelli, Roberto
417	Popham, Nicola Iannelli
418	Favilli, Paolo
419	Hamza, Agon
420	Murray, Patrick
421	Davidson, Alastair
422	Cospito, Giuseppe
423	Ponzini, Arianna
424	Lapavitsas, Costas
425	Hoff, Jan
426	Smith, Tony
427	McCarthy, George E
428	Kuruma, Samezō
429	Schauerte, Michael
430	Bunyard, Tom
431	Hubmann, Gerald
432	Mattick, Paul
433	James Furner
434	Martha E. Giménez
435	Smith, Murray
436	Ilʹenkov, Ė. V
437	Modonesi, Massimo
438	Blanc Le, Paul
439	Bias, Thomas
440	Palmer, Bryan D.
441	Stolze, Ted
442	Adler, Max
443	Blum, Mark E.
444	Swain, Dan
445	Kautsky, Karl
446	Lewis, Ben
447	Cortés, Martín
448	Losurdo, Domenico
449	Fluss, Harrison
450	Benton, Gregor
451	López, Daniel Andrés
452	Bianchi, Alvaro
453	Antonini, Francesca
454	Bernstein, Aaron
455	Fusaro, Lorenzo
456	Jackson, Robert
457	Lukács, György
458	Miller, Tyrus
459	Pourjavady, Reza
460	Höffe, Otfried
461	Eastwood, Bruce
462	Grellard, Christophe
463	Robert, Aurélien
464	Chabás, José
465	Goldstein, Bernard R
466	Eagleton, Catherine
467	Goddu, André
468	Ritter, Johann Wilhelm
469	Holland, Jocelyn
470	Buridan, Jean
471	Streijger, Michiel
472	Bakker, Paul J. J. M
473	Thijssen, J. M. M. H
474	Ierodiakonou, Katerina
475	Roux, Sophie
476	Ariew, Roger
477	Roos, Anna Marie Eleanor
478	Hirai, Hiro
479	Horrocks, Jeremiah
480	Applebaum, Wilbur
481	Blum, Paul Richard
482	Leijenhorst, Cornelis Hendrik
483	Boer, Sander Wopke de
484	Boner, Patrick
485	Timmermann, Anke
486	Rothmann, Christoph
487	Granada, Miguel Angel
488	Mosley, Adam
489	Jardine, Nicholas
490	Omodeo, Pietro Daniel
491	Diver, William
492	Davis, Joseph
493	Huffman, Alan
494	Wolfson, Harry Austryn
495	Crescas, Hasdai ben Abraham
496	Thomson, William
497	Junge, Gustav
498	Bees, Robert
499	De Gennaro, Ivo
500	Margagliotta, G. M. A
501	Robiglio, Andrea A.
502	Kühn, Rolf
503	Enders, Markus
504	Ebstein, Michael
505	Janos, Damien
506	Madelung, Wilferd
507	Schmidtke, Sabine
508	ʻAbd al-Jabbār ibn Aḥmad al-Asadābādī
509	Ṣāḥib al-Ṭālqānī, Abū al-Qāsim Ismāʻīl ibn ʻAbbād
510	Bürgel, J. Christoph
511	Käs, Fabian
512	Qummī, Muḥammad Ṭāhir
513	Anzali, Ata
514	Hadi Gerami, S. M
515	Fraenkel, Carlos
516	Mirjam Zadoff; Noam Zadoff (Editors)
517	Barnwell, Michael
518	Cameron, Margaret
519	Marenbon, John
520	Silva, Jose Filipe
521	Ebbesen, Sten
522	Fink, Jakob L.
523	Toivanen, Juhana
524	Schierbaum, Sonja
525	Ward, Thomas M
526	Palmén, Ritva
527	Mora-Márquez, Ana María
528	Bornholdt, Jon
529	Oelze, Anselm
530	Băltuță, Elena
531	Thom, Paul
532	Enenkel, K. A. E
533	Smith, P. J
534	Zittel, Claus
535	Lüthy, Christoph Herbert
536	Swan, Claudia
537	Pourjavady, Reza
538	Rayḥānī, ʻAlī ibn ʻUbaydah
539	Zakeri, Mohsen
540	Belo, Catarina C. M. de M
541	Akasoy, Anna
542	Daiber, Hans
543	Raven, Wim
544	Vagelpohl, Uwe
545	Koutzarova, Tiana
546	El-Rouayheb, Khaled
547	Gutas, Dimitri
548	Opwis, Felicitas Meta Maria
549	Reisman, David
550	Thiele, Jan
551	Rapoport, Yossef
552	Savage-Smith, Emilie
553	Bonadeo, Cecilia Martini
554	Todd, Richard
555	Berzin, Gabriella
556	Galen
557	Bos, Gerrit
558	Langermann, Y. Tzvi
559	Kahl, Oliver
560	Tamer, Georges
561	Griffel, Frank
562	Kalbarczyk, Nora
563	Ovadia, Miriam
564	Yamamoto, Keiji
565	Burnett, Charles
566	Fedor Benevich
567	Frédérique Woerther
568	Lala, Ismail
569	Ben Ahmed, Fouad
570	Dadkhah, Gholamreza
571	Shihadeh, Ayman
572	Ṭūsī, Naṣīr al-Dīn Muḥammad ibn Muḥammad
573	Lameer, Joep
574	Casalini, Cristiano
575	Senent de Frutos, Juan Antonio
576	Kessler, Eckhard
577	Allman, Paula
578	Kellner, Douglas
579	Lewis, Tyson E.
580	Pierce, Clayton
581	Wain, Kenneth
582	King, Stephen
583	Salzani, Carlo
584	Staley, Owen
585	Tirosh-Samuelson, Hava
586	Hughes, Aaron W.
587	Wolfson, Elliot R
588	Resnicoff, Steven H
589	Fishbane, Michael A
590	Green, Arthur
591	Morgan, Michael L.
592	Derkx, Peter
593	Kunneman, Harry
594	Dreyer, Malte
595	Erdmann, Jeanette
596	Rehmann-Sutter, Christoph
597	MacEwen, Philip
598	Kurtz, Joachim
599	Clower, Jason
600	Meynard, Thierry
601	Chan, N. Serina
602	Billioud, Sebastien
603	Schulz Zinda, Yvonne
604	Mou, Zongsan
605	Chiu, King Pong
606	Lin, Xiaoqing Diana
607	Yang, Guorong
608	D'Ambrosio, Paul J
609	Flavel, Sarah
610	Van den Stock, Ady
611	Foust, Mathew A
612	Fröhlich, Thomas
613	Guo, Qiyong
614	Jones, David
615	Moeller, Hans-Georg
616	Lynch, Catherine
617	Li, Zehou
618	Carleo, Robert A., III
619	D'Ambrosio, Paul J.
620	Van den Stock, Ady
621	Rosemann, Philipp W
622	Murthy, Viren
623	Oresme, Nicole
624	Burton, Dan
625	Margócsy, Dániel
626	Somos, Mark
627	Joffe, Stephen N
628	Omodeo, Pietro Daniel
629	Hovorun, Cyril
630	North, Helen F
631	Vogel, C. J. de
632	Arends, J. F. M
633	Rütten, Thomas
634	Theophrastus
635	Raalte, Marlein van
636	Tarán, Leonardo
637	Coliva, Annalisa
638	Moyal-Sharrock, Danièle
639	Mcnair, Bruce
640	Murray, Dale F
641	Gronow, Jukka
642	Czerwinska-Schupp, Ewa
643	Feltz, Bernard
644	Missal, Marcus
645	Sims, Andrew Cameron
646	Philo of Alexandria
647	Wilson, Walter T
648	Geljon, Albert C
649	Runia, David T
650	Geljon, Albert C.
651	Runia, David T.
652	Verdenius, W. J
653	Waszink, J. H
654	Drossaart Lulofs, H. J
655	Vollgraff, Carl Wilhelm
656	Panaetius
657	Straaten, Modestus van
658	Groningen, B. A. van
659	Saffrey, H. D
660	Winden, J. C. M. van
661	Dreizehnter, Alois
662	Pötscher, Walter
663	Waszink, J
664	Edelstein, Ludwig
665	Plato
666	Porphyry
667	Elferink, M. A
668	Gould, Josiah
669	Boeft, J. den
670	Pötscher, Walter
671	Bertier, Janine
672	Timaeus of Locri
673	Baltes, Matthias
674	Graeser, Andreas
675	Iamblichus
676	Marg, Walter
677	Konstan, David
678	Gersh, Stephen
679	O'Meara, Dominic J
680	Todd, Robert B
681	Alexander of Aphrodisias
682	Scheffel, Wolfgang
683	Edlow, Robert Blair
684	Welliver, Warman
685	Calcidius
686	Epictetus
687	Billerbeck, Margarethe
688	Rist, John M
689	Mohr, Richard D
690	Nill, Michael
691	Aujoulat, Noël
692	Kal, Victor
693	Londey, David
694	Johanson, Carmen
695	Apuleius
696	Evangeliou, Christos
697	Bussanich, John
698	Plotinus
699	Simplicius of Cilicia
700	Hadot, Ilsetraut
701	Magee, John
702	Bos, Egbert P.
703	Meijer, P. A
704	Fortenbaugh, William W
705	Mansfeld, Jaap
706	Baxter, Timothy M. S.
707	Gomperz, Theodor
708	Dorandi, Tiziano
709	Philodemus
710	Flannery, Kevin L
711	Lakmann, Marie-Luise
712	Sharples, R. W
713	Algra, Keimpe
714	Tieleman, Teun
715	Haas, Frans A. J. de
716	Horst, Pieter Willem van der
717	Slomkowski, Paul
718	Barnes, Jonathan
719	Inwood, Brad
720	Boethius
721	Olympiodorus the Younger, of Alexandria
722	Jackson, Robin
723	Lycos, Kimon
724	Huby, Pamela M
725	Boter, Gerard
726	Pseudo-Zeno
727	Stone, Michael E.
728	Shirinian, M. E
729	Bäck, Allan
730	Riel, Gerd van
731	Baltussen, H
732	Speca, Anthony
733	Luna, Concetta
734	Frede, Dorothea
735	Laks, André
736	Berg, R. M. van den
737	Finamore, John F
738	Sollenberger, Michael G.
739	Görler, Woldemar
740	Catrein, Christoph
741	Polito, Roberto
742	Perkams, Matthias
743	Piccione, Rosa Maria
744	Schäfer, Christian
745	Delcomminette, Sylvain
746	Brancacci, Aldo
747	Morel, Pierre-Marie
748	Brunschön, Carl Wolfram
749	Sider, David
750	Mirhady, David C.
751	Bobonich, Christopher
752	Destrée, Pierre
753	D'Ancona Costa, Cristina
754	Bonelli, Maddalena
755	Deslauriers, Marguerite
756	Bloch, David
757	Roskam, Geert
758	Eliasson, Erik
759	Chiaradonna, Riccardo
760	Trabattoni, Franco
761	Bouvier, Valentina Calzolari
762	Bowen, Alan C
763	Wildberg, Christian
764	Bartolomeo da Messina
765	Martijn, Marije
766	David the Invincible
767	Tʻopʻchʻyan, Aram
768	Leunissen, Mariska
769	Mueller-Jourdan, Pascal
770	Philoponus, John
771	Machuca, Diego E
772	Suto, Taki
773	Timotin, Andrei
774	Jeremiah, Edward T
775	Metry-Tresson, Carolle
776	Tresson-Metry, Carolle
777	Piedmont, Ralph
778	Village, Andrew
779	Bénatouïl, Thomas
780	Leigh, Fiona
781	Ophuijsen, Johannes M. van
782	Raalte, Marlein van
783	Stork, Peter
784	Alexandru, Stefan
785	Muradyan, Gohar
786	Cinaglia, Valeria
787	Mayhew, Robert
788	Hoine, Pieter d'
789	Gavray, Marc-Antoine
790	Blyth, Dougal
791	Bakker, Fredrik A
792	Sorensen, Anders Dahl
793	Havrda, Matyáš
794	Clement of Alexandria, Saint
795	Wians, William Robert
796	Polansky, Ronald M.
797	Raffa, Massimo
798	Lacaze, Grégoire
799	Jaap Mansfeld
800	Alesse, Francesca
801	Strayer, Jeffrey
802	Vanheste, Jeroen
803	Mou, Bo
804	Bardsley, Karen
805	Dutton, Denis
806	Krausz, Michael
807	Gupta, Swarupa
808	Mackay, Nigel
809	Petocz, Agnes
810	Liu, Yuedi
811	Wiseman, Mary Bittner
812	Skodo, Admir
813	Scarinzi, Alfonsina
814	Grube, Dirk-Martin
815	Agassi, Joseph
816	Jarvie, I. C
817	Yehezkely, Chen
818	Naraniecki, Alexander
819	Stelzer, Harald
820	Trzyna, Thomas
821	Berlinger, Rudolph
822	Schrader, W
823	Goedert, Georges
824	Scherbel, Martina
825	Geodert, Georges
826	Schrader, Wiebke
827	Goedert, Georges
828	Scherbel, Martha
829	Scherbel, Martina
830	Fronda, Earl Stanley B
831	Mahmutćehajić, Rusmir
832	Simuț, Corneliu C
833	Hashkes, Hannah E
834	Fridlund, Patrik
835	Vähäkangas, Mika
836	Hazony, Yoram
837	Johnson, Dru
838	Andrejč, Gorazd
839	Such, Jan
840	Haaparanta, Leila
841	Niiniluoto, Ilkka
842	Coniglione, Francesco
843	Poli, Roberto
844	Rollinger, R. D
845	Jones, Martin R
846	Cartwright, Nancy
847	Wiegner, Adam
848	Nowakowa, Izabella
849	Hamminga, Bert
850	Jadacki, Jacek Juliusz
851	Paśniczek, Jacek
852	Hugly, Philip
853	Sayward, Charles
854	Garavaso, Pieranna
855	Malinowski, Jacek
856	Pietruszczak, Andrzej
857	Wolf, Michael P
858	Lance, Mark Norris
859	Suárez Iñiguez, E
860	Tenenbaum, Sergio
861	Rivas Monroy, Ma. Uxía
862	Cancela Silva, Celeste
863	Martínez Vidal, Concepción
864	Agazzi, Evandro
865	Echeverría, Javier
866	Gómez Rodríguez, Amparo
867	Brzechczyn, Krzysztof
868	Murawski, Roman
869	Brożek, Anna
870	Paprzycka, Katarzyna
871	Nowak, Leszek
872	González, Wenceslao J
873	Kitcher, Philip
874	Twardowski, Kazimierz
875	Schaar, Maria van der
876	Bigaj, Tomasz
877	Wüthrich, Christian
878	Dąmbska, Izydora
879	Kuzniar, Adrian
880	Barbone, Giacomo
881	Hetmanski, Marek
882	Murphy, Nancey C
883	Russell, Robert J
884	Shults, F. LeRon
885	Robinson, Andrew
886	Klein, Rebekka A
887	Yong, Amos
888	Cassell, Paul
889	Peterson, Gregory R.
890	Luomanen, Petri
891	Van Deusen, Nancy
892	Plett, Heinrich F
893	Frédérique Woerther (Volume Editor)
894	Ferrara, Alessandro
895	Ferrarese, Estelle
896	Emmanuel Renault
897	Mi, Chienkuo
898	Chen, Ruey-lin
899	Villanueva, Enrique
900	Hurtado, Guillermo
901	Nudler, Oscar
902	MORITZ, JOSHUA M
903	Dickinson, Colby
904	Cools, Arthur
905	Slegers, Rosa
906	Breitling, Andris
907	Bremmers, Chris
908	Henry, Michel
909	Jdey, Adnen
910	Mooij, Antoine
911	Heiden, Gerrit Jan van der
912	Koubová, Alice
913	Staudigl, Michael
914	Novotný, Karel
915	Rodrigo, Pierre
916	Slatman, J
917	Stoller, Silvia
918	Noble, Stephen A
919	Cimino, Antonio
920	Dufourcq, Annabelle
921	Dodd, James
922	Seron, Denis
923	Mensch, James R
924	Guidi, Lucilla
925	Thomas, Rentsch
926	Ballantyne, Glenda
927	Deranty, Jean-Philippe
928	Klooger, Jeff
929	Fuente, Eduardo de la
930	Murphy, Peter
931	Heins, Volker
932	Márkus, György
933	Ikäheimo, Heikki
934	Laitinen, Arto
935	Petherbridge, Danielle
936	Smith, Nicholas H
937	Symons, Stephanie
938	Karales, Vrasidas
939	Jakobsen, Jonas
940	Lysaker, Odin
941	Sharpe, Matthew
942	Michelsen, Anders
943	Tygstrup, Frederik
944	Alberoni, Francesco
945	Holowchak, Mark
946	McGuire, John (Research Fellow)
947	Dorahy, J. F.
948	Heller, Ágnes
949	Grumley, John E.
950	Boreczky, Elemér
951	Henriksen, Erin
952	Alonso-Lasheras, Diego
953	Gottschall, Dagmar
954	Hoenen, Maarten J. F. M
955	Sturlese, Loris
956	Marsilius of Inghen
957	Hoenen, M. J. F. M.
958	Erne, Markus (Philosopher)
959	Serina, Richard J. Jr
960	Nicholas of Cusa, Cardinal
961	Hollmann, Joshua
962	Christianson, Gerald
963	Izbicki, Thomas M.
964	Burton, Simon J. G.
965	Guillin, Vincent
966	Brito Vieira, Mónica
967	Kontler, László
968	Sam Berrin Shonkoff (Editor)
969	Kinoti, H. W
970	Wanjohi, G. Wakuraya
971	Wanjohi, G. J
972	Ramose, Mogobe B
973	Steineck, Raji C
974	Brooks, Thom
975	Tapper, Alan
976	Mooney, T. Brian
977	Silver, Bruce S
978	Sagos, Nick C
979	Melnick, Arthur
980	Bevir, Mark
981	Arruzza, Cinzia
982	Kazim, Emre
983	Chen, Xueming
984	Lihuan, Wu
985	Baixiang, Liu
986	Sørensen, Asger
987	Langford, Peter
988	Bryan, Ian
989	McGarry, John (Law teacher)
990	Shusterman, Richard
991	Shusterman, Richard
992	Moscato, Judah ben Joseph
993	Miletto, Gianfranco
994	Veltri, Giuseppe
995	Halper, Yehuda
996	Corazzol, Giacomo
997	Miletto, Gianfranco
998	Motzkin, Aryeh Leo
999	Ogren, Brian
1000	Leicht, Reimund
1001	Veltri, Giuseppe
1002	Schwartz, Dov
1003	Levin, Leonard
1004	Schweid, Eliezer
1005	Lasker, Daniel J
1006	Diamond, James Arthur
1007	Portnoff, Sharon
1008	Yaffe, Martin D
1009	Bagley, Paul J
1010	Meyer, Thomas
1011	Robinson, James T.
1012	Koren, Israel
1013	Hillesum, Etty
1014	Smelik, K. A. D.
1015	Brandt, Ria van den
1016	Coetsier, Meins G. S
1017	Sagerman, Robert
1018	Klein-Braslavy, Sara
1019	Chazan, Robert
1020	Schiffman, Lawrence H
1021	Engel, David
1022	Wiedebach, Hartwig
1023	Dauber, Jonathan
1024	Stein, Batya
1025	Davila, James R.
1026	Seltzer, Robert M
1027	Katz, Steven T.
1028	Zank, Michael
1029	Anderson, Ingrid L
1030	Leventer, Sarah
1031	Afterman, Adam
1032	Schweid, Eliezer
1033	Quero-Sánchez, Andrés
1034	Syros, Vasileios
1035	Egidio da Viterbo, Cardinal
1036	Nodes, Daniel Joseph
1037	Vermigli, Pietro Martire
1038	Baschera, Luca
1039	Moser, Christian
1040	Varkemaa, Jussi
1041	Robinson, Jonathan
1042	Levy, Ian Christopher
1043	Bunge, Kirstin
1044	Fuchs, Marko J
1045	Simmermacher, Danaë, 1982-
1046	Spindler, Anselm
1047	Bolzano, Bernard
1048	Fisette, Denis
1049	Fréchette, Guillaume
1050	Szabados, Béla
1051	Martinelli, Riccardo
1052	Porebski, Czeslaw
1053	Corrigan, Kevin
1054	Turner, John Douglas
1055	Phillips, John
1056	Günther, Hans Christian
1057	Wagner, Michael F.
1058	Anaritius
1059	Arnzen, Rüdiger
1060	Lo Bello, Anthony
1061	Dillon, John M
1062	Elkaisy-Friemuth, Maha
1063	Wear, Sarah Klitenic
1064	Narbonne, Jean-Marc
1065	Gertz, Sebastian Ramon Philipp
1066	Afonasin, E. V
1067	Finamore, John F.
1068	Munoz Gallarte, Israel
1069	O'Byrne, Brendan Dr
1070	O'Rourke, Fran
1071	Perl, Eric David
1072	Chase, Michael
1073	Altimari-Adler, Donna M
1074	Akçay, K. Nilüfer
1075	Manolea, Christina-Panagiota
1076	Wear, Sarah Klitenic
1077	Montemayor, Carlos
1078	Van Dusen, David
1079	Dominello, Francesca
1080	Steineck, Christian
1081	Clausius, Claudia
1082	Pickavé, Martin
1083	Goris, Wouter
1084	Köhler, Theodor Wolfram
1085	Bonner, Anthony
1086	Folger-Fonfara, Sabine
1087	Roling, Bernd
1088	Kirchhoff, Raina
1089	Courtenay, William J
1090	Gaus, Caroline
1091	Barber, Charles
1092	Jenkins, David
1093	Brown, Stephen F
1094	Dewender, Thomas
1095	Kobusch, Theo
1096	Jeschke, Thomas
1097	Emery, Kent
1098	Friedman, Russell L
1099	Mauriege, Maxime
1100	Speer, Andreas
1101	Canning, Joseph
1102	King, Edmund
1103	Luscombe, D. E
1104	Staub, Martial
1105	Aertsen, Jan
1106	Pelletier, Jenny E
1107	Galluzzo, Gabriele
1108	Long, R. James
1109	Caroti, Stefano
1110	Celeyrette, J
1111	Kirschner, Stefan
1112	Mazet, E
1113	Manlevelt, Thomas
1114	Helm, Alfred van der
1115	Thomsen Thörnqvist, Christina
1116	Rubini, Paolo
1117	Wöller, Florian
1118	Markov, Smilen
1119	Davids, Tobias
1120	Michałowska, Monika
1121	Metzger, Stephen M
1122	Langeloh, Jacob
1123	Klein, Martin
1124	Pich, Roberto Hofmeister
1125	Parker, Jo Alyson
1126	Harris, Paul
1127	Ochoa, Tyler T
1128	Vives, Juan Luis
1129	George, E
1130	WALKER, DAVID J
1131	George, Edward V.
1132	Tournoy, Gilbert
1133	Colombo, Louis
1134	Vlasak, Aaron
1135	Miron, Ronny
1136	Pettersen, Tove
1137	Bjørsnøs, Annlaug
1138	Simons, Margaret A
1139	Skowroński, Krzysztof Piotr
1140	Souffrant, Eddy M.
1141	Belliotti, Raymond A.
1142	Brennan, Daniel
1143	Calì, Carmelo
1144	Risseeuw, Carla
1145	Swenson, Brynnar
1146	Freibach-Heifetz, Dana
1147	Harshav, Barbara
1148	McClendon, John H
1149	Edmondson, William (Honorary Senior Research Fellow)
1150	Mondal, Prakash
1151	Gill, Jerry H
1152	Svantner, Martin
1153	Bennett-Carpenter, Benjamin
1154	Olshin, Benjamin B
1155	Bindeman, Steven L
1156	Kemple, Brian A
1157	Jaroszyński, Piotr
1158	Suvák, Vladislav
1159	Chojna, Wojciech
1160	Padrón, Charles
1161	Gursozlu, Fuat
1162	Grace, Damian
1163	Iyioke, Ike V
1164	Murray, Peter Durno
1165	Antoine Mooij
1166	Salazar, Heather
1167	Pereda, Carlos
1168	Brown, Michael Patterson
1169	Ivić, Sanja
1170	Mijuskovic, Ben Lazare
1171	Krausz, Michael
1172	Calcaterra, Rosa Maria
1173	Kling, Jennifer
1174	Locker, Markus
1175	Biderman, Shai
1176	Weinman, Michael
1177	Epstein, Mikhail
1178	McGee, Vern
1179	Ėskina, Marina
1180	Losev, A. F
1181	Betaneli, Vitali I.
1182	Weisensel, Peter R.
1183	Lataster, Raphael
1184	Heller, Agnes
1185	Airaksinen, Timo
1186	Gill, Jerry H,
1187	Asfari, Amin
1188	G. John M. Abbarno
1189	Presbey, Gail M
1190	Femenías, María Luisa
1191	Oliver, Amy
1192	Vilarroya, Òscar
1193	Forn i Argimon, Francesc
1194	Garin, Eugenio
1195	Pinton, Giorgio A
1196	Sweetman, Brendan
1197	Poe, Danielle
1198	Aemajs, Josef
1199	Vicari, Giuseppe
1200	Sagi, Avi
1201	Batya, Stein
1202	Letteri, Mark
1203	Lugo-Lugo, Carmen R
1204	Bloodsworth-Lugo, Mary K
1205	Gilead, Amihud
1206	Vial, Fernand
1207	Barral, Mary Rose
1208	Valahu, Dan T
1209	Scarfe, Adam C
1210	Ip, King-Tak
1211	Cherkasova, Evgenia
1212	Kremer, Alexander
1213	Ryder, John
1214	Hanson, Craig
1215	Ainslie, George
1216	Takala, Tuija
1217	Herissone-Kelly, Peter
1218	Holm, Søren
1219	Häyry, Matti
1220	Fitz-Gibbon, Andrew L.
1221	Faber, Roland
1222	Henning, Brian G
1223	Combs, Clinton
1224	McGraw, John G
1225	Hickman, Larry A
1226	Flamm, Matthew Caleb
1227	Skowronski, Krzysztof Piotr
1228	McDonald, H. P
1229	Gildert, Rob
1230	Rothermel, Dennis
1231	Donskis, Leonidas
1232	Osha, Sanya
1233	Calcaterra, Rosa Maria
1234	Swanson, Carolyn
1235	McEvoy, Adrianne
1236	Shawi, Hakam H. Al-
1237	Bianchini, Francesco
1238	Franchi, Stefano
1239	Mitias, Michael H
1240	Sweet, William
1241	Hart, Hendrik
1242	Mininger, J. D
1243	Koczanowicz, Dorota
1244	Małecki, Wojciech
1245	Mineau, Andre
1246	Lurie, Yuval
1247	Schwab, Gabriele
1248	Alican, Necip Fikri
1249	Candelaria, Michael
1250	Halwani, Raja
1251	Quinn, Carol Viola Anne
1252	Wible, Andy
1253	Kanaris, Jim
1254	Vico, Giambattista
1255	Nagel, Mechthild
1256	Nocella, Anthony J
1257	Koczanowicz, Leszek
1258	Schauffler, David
1259	Jay, Martin
1260	Bellusci, David C
1261	Ehland, Christoph
1262	Gluchman, Vasil
1263	Lothe, Jakob
1264	Hawthorn, Jeremy
1265	Moses, Greg
1266	Ryan, Bartholomew (College teacher)
1267	Hanna, Patricia
1268	Namli, Elena
1269	Svenungsson, Jayne
1270	Vincent, Alana
1271	Chumakov, A. N
1272	Mazur, I. I
1273	Gay, William
1274	Howard, Michael T
1275	Mitrofanova, Anastasia V
1276	Smolkin, Vladimir M
1277	Branch, Jonathan P
1278	Gorbachev, Mikhail Sergeevich
1279	Meretoja, Hanna
1280	Isomaa, Saija
1281	Lyytikäinen, Pirjo
1282	Malmio, Kristina
1283	Barcenas, Alejandro
1284	Ginev, Dimitŭr
1285	Fiala, Andrew
1286	Trundle, Robert C.
1287	Sergeev, Mikhail
1288	Castillo, Ramón del
1289	Faerna García-Bermejo, Ángel Manuel
1290	Hickman, Larry A.
1291	Bernstein, Richard J
1292	Bassham, Gregory
1293	Baggett, David
1294	Barkman, Adam
1295	Johnson, David Kyle
1296	O'Hara, David
1297	Reppert, Victor
1298	Tallon, Philip
1299	Wielenberg, Erik J
1300	Williams, Donald T.
1301	Williams, Peter S
1302	Arp, Robert
1303	Tague, Gregory
1304	Crawford, Ryan
1305	Liszka, Katarzyna
1306	Bartuschat, Wolfgang
1307	Kirste, Stephan
1308	Walther, Manfred
1309	Asch, Johann S
1310	Lüttenberg, Beate
1311	Quante, Michael
1312	Adamowsky, Natascha
1313	Felfe, Robert
1314	Böhme, Hartmut
1315	Adler, Hans
1316	Gross, Sabine
1317	Alpsancar, Suzana
1318	Gehring, Petra
1319	Rölli, Marc
1320	Ott, Michael
1321	Döring, Tobias
1322	Anacker, Michael
1323	Jamme, Christoph
1324	Andermann, Kerstin
1325	Andreas, Holger
1326	Berning, Vincent
1327	Arndtz, Florian
1328	Arnold, Florian
1329	Arrigoni, Tatiana
1330	Auer, Michael (Researcher on German literature)
1331	Augustine of Hippo, Saint
1332	Städele, Alfons
1333	Drecoll, Volker Henning
1334	Kudella, Mirjam
1335	Pitour, Thomas
1336	Morovicova Remedios, Monika
1337	Matsuzawa, Hiroki
1338	Bonchino, Alberto
1339	Bachmann, Andreas
1340	Bahlmann, Katharina
1341	Bailer-Jones, Daniela
1342	Dullstein, Monika
1343	Pauen, Sabina
1344	Balke, F
1345	Baratella, Nils
1346	Bartels, Andreas
1347	Stöckler, Manfred
1348	Barth, Christian (Professor)
1349	Barth, Christian
1350	Sturm, Holger
1351	Bartosch, David
1352	Beck, Birgit
1353	Becker, Barbara
1354	Ostermann, Sebastian
1355	Wenzel, Kristin
1356	Beckermann, Ansgar
1357	Berendes, Jochen
1358	Bernardy, Jörg
1359	Berninger, Anja
1360	Berr, Karsten
1361	Friesen, Hans
1362	Bianchi, Sarah
1363	Birnstiel, Klaus
1364	Bitbol, Michel
1365	Weidner, Daniel
1366	Geulen, Eva
1367	Weigel, Sigrid
1368	Harald Bluhm; Skadi Krause (Editors)
1369	Bluhm, Roland
1370	Bobbert, Monika
1371	Boden, Petra
1372	Zill, Rüdiger
1373	Böhme, Hartmut
1374	Böhme, Gernot
1375	Böhme, Gernot
1376	Bohse-Nehrig, Helen
1377	Boldt, Joachim
1378	Müller, Oliver
1379	Maio, Giovanni
1380	Bolz, Norbert W.
1381	Norbert Bolz
1382	Bonnemann, Jens
1383	Borchel, Christiane
1384	Börchers, Fabian
1385	Borchers, Dagmar
1386	Luy, Jörg
1387	Born, Marcus Andreas
1388	Borner, Marc
1389	Borsche, Tilman
1390	Bosse, Heinrich
1391	Boström, Kim J
1392	Michel, Jan G
1393	Pohl, Michael
1394	Bowman, Brady
1395	Brachtendorf, Johannes
1396	Herzberg, Stephan
1397	Brand, Cordula
1398	Ferrari, Arianna
1399	Engels, Eve M
1400	Kovács, László
1401	Brandscheidt, Renate
1402	Brantl, Dirk
1403	Bratu, Christine
1404	Breidbach, Olaf
1405	Olaf Breidbach; Federico Vercellone (Authors); Olaf Breidbach; Federico Vercellone (Editors)
1406	Bretschneider, Charlotte
1407	Breunig, Anke
1408	Breyer, Thiemo
1409	Briesen, Jochen
1410	Bromand, Joachim
1411	Brosow, Frank
1412	Brosow, Frank
1413	Klemme, Heiner
1414	Ralph Buchenhorst
1415	Bulka, Thomas
1416	Burgbacher, Astrid
1417	Burkard, Anne
1418	Burri, Alex
1419	Huemer, Wolfgang
1420	Buurman, Gerhard M
1421	Trüby, Stephan
1422	Cacciari, Massimo
1423	Carls, Rainer
1424	Tapp, Christian
1425	Wyller, Truls
1426	Carson, Siri Granum
1427	Knowles, Jonathan
1428	Myskja, Bjørn K
1429	Castellani, Francesca
1430	Quitterer, Josef
1431	Celestini, Federico
1432	Cobben, Paul
1433	Jamme, Christoph
1434	Rozsa, Erzsebet
1435	Correia, Fabrice
1436	Rosenkranz, Sven
1437	Cramm, Wolf-Jürgen
1438	Czernin, Franz Josef
1439	Eder, Thomas
1440	Roche, Charles de
1441	Delhom, Pascal
1442	Hirsch, Alfred
1443	Demuth, Constanze
1444	Dettweiler, Marco
1445	Diehl, Christoph
1446	Dierks, Nicolas
1447	Stiftung, Hugo-Dingler
1448	Dingler, Hugo
1449	Distelhorst, Lars
1450	Weiden, Katrin
1451	Dopatka, Ulrich
1452	Christoph Jamme
1453	Kristin Drechsler
1454	Drerup, Johannes
1455	Drömmer, Max
1456	Duttge, Gunnar
1457	Lenk, Christian
1458	Dzwiza-Ohlsen, Erik Norman
1459	Bolz, Norbert
1460	Gloy, Karen
1461	Mühleis, Volkmar
1462	Mukerji, Nikil
1463	Strasser, Peter
1464	Weber, Philipp
1465	Elberfeld, Rolf
1466	Krankenhagen, Stefan
1467	Endruweit, Meiken
1468	Seidel, Ralf
1469	Prinz, Aloys Leo
1470	Koslowski, Jana
1471	Koslowski, Peter
1472	Kettner, Matthias
1473	Christian, Erbacher
1474	Erdmann, Pia
1475	Ernst, Gerhard
1476	Marani, Lisa
1477	Espinet, David
1478	Hildebrandt, Toni
1479	Waldow, Stephanie
1480	Lubkoll, Christine
1481	Wischmeyer, Oda
1482	Böhm, Alexandra
1483	Kley, Antje
1484	Schönleben, Mark
1485	Biller-Andorno, Nikola
1486	Schulz-Baldes, Anette
1487	Schaber, Peter
1488	Cassee, Andreas
1489	Goppel, Anna
1490	Derpmann, Simon
1491	Düber, Dominik
1492	Fischer, John Martin
1493	Quante, Michael
1494	Hallich, Oliver
1495	Heinrichs, Bert
1496	Heinrichs, Jan-Hendrik
1497	Hübner, Dietmar
1498	Kühler, Michael
1499	Nossek, Alexa
1500	Kühler, Michael
1501	Löschke, Jörg
1502	Pawlenka, Claudia
1503	Janssen, Dieter
1504	Rohs, Peter
1505	Römer, Inga
1506	Wunsch, Matthias
1507	Siep, Ludwig
1508	Gabriel, Gottfried
1509	Falkenburg, Brigitte
1510	Früchtl, Josef
1511	Fehige, Christoph
1512	Lumer, Christoph
1513	Wessels, Ulla
1514	Feige, Daniel Martin
1515	Philipp Schweighauser
1516	Michael Festl
1517	Michael G. Festl
1518	Fiebich, Anika
1519	Fink, Helmut
1520	Rosenzweig, Rainer
1521	Rosenzweig, Rainer
1522	Fischer-Lichte, Erika
1523	Hasselmann, Kristiane
1524	Yvonne Förster-Beuthan
1525	Freitag, Wolfgang
1526	Spohn, Wolfgang
1527	Frey, Christiane
1528	Friebe, Cord
1529	Friedrich, Lars
1530	Wetters, Kirk
1531	Friedrich, Alexander (Writer on culture)
1532	Friele, Minou B.
1533	Friesen, Hans
1534	Meier, Jakob
1535	Lotz, Christian
1536	Wolf, Markus
1537	Frietsch, Ute
1538	Fuchs, Michael (Lecturer in philosophy)
1539	Enders, Christoph
1540	Kahlo, Michael
1541	Goerlich, Helmut
1542	Fiorillo, Vanda
1543	Klesczewski, Diethelm
1544	Neuhaus, Frank
1545	Müller, Steffi
1546	Müller-Mezger, Steffi
1547	Senk, Norman
1548	Gäb, Sebastian
1549	Gabriel, Gottfried
1550	Gamm, Gerhard
1551	Gasser, Georg
1552	Schmidhuber, Martina
1553	Wirrwitz, Christian
1554	Gebauer, Gunter
1555	Goppelsröder, Fabian
1556	Volbers, Jörg
1557	Gelhard, Andreas
1558	Alkemeyer, Thomas
1559	Ricken, Norbert
1560	Gersbach, Rebekka
1561	Gertken, Jan
1562	Gesang, H
1563	Schälike, Julius
1564	Gessmann, Martin
1565	Martin Gessmann
1566	Gethmann, Carl Friedrich
1567	Huster, Stefan
1568	Gethmann-Siefert, Annemarie
1569	Weisser-Lohmann, Elisabeth
1570	Pöggeler, Otto
1571	Geulen, Eva
1572	Kauffmann, Kai
1573	Mein, Georg
1574	Gilgen, Peter
1575	Gimmler, Antje
1576	Holzinger, Markus
1577	Knopp, Lothar
1578	Zimmerli, Walther Ch
1579	Glauer, Ramiro
1580	Gloy, Karen
1581	Goerke, Jan
1582	Siegert, Reinhard
1583	Görling, Reinhold
1584	Goy, Ina
1585	Grajner, Martin
1586	Greiert, Andreas
1587	Grizelj, Mario
1588	Jahraus, Oliver
1589	Groh, Max
1590	Grube, Gernot
1591	Grüneberg, Patrick
1592	Grunert, Frank
1593	Kimmich, Dorothee
1594	Grzebeta, Sven
1595	Guinebert, Svantje
1596	Gutschmidt, Rico
1597	Rentsch, Thomas
1598	Haardt, Alexander
1599	Plotnikov, Nikolaĭ
1600	Rörig, Anne
1601	Haenel, Thomas
1602	Hahn, Susanne
1603	Hahn, Susanne
1604	Hainz, Tobias
1605	Hansen-Löve, Aage Ansgar
1606	Obermayr, Brigitte
1607	Witte, Georg
1608	Karsten Harries
1609	Harth, Manfred
1610	Haug, Steffen
1611	Hauswald, Rico
1612	Ricklin, Thomas
1613	Pirner-Pareschi, Helga
1614	Ebbersmeyer, Sabrina
1615	Saracino, Stefano
1616	Schwertsik, Peter Roland
1617	Meneses, João Rodrigues de Sá de
1618	Friedlein, Roger
1619	Lozar, Angelika
1620	Ficino, Marsilio
1621	Boenke, Michaela
1622	Ebbersmeyer, Sabrina
1623	Lüdemann, Susanne
1624	Hebekus, Uwe
1625	Wolf, Burkhardt
1626	Heidgen, Michael
1627	Koch, Matthias (Mass media specialist)
1628	Köhler, Christian (Mass media specialist)
1629	Heine, Stefanie
1630	Zanetti, Sandro
1631	Heinemann, Simone
1632	Heinrich, Elisabeth Dr. phil
1633	Schönecker, Dieter
1634	Heinrichs, Jan H
1635	Heinrichs, Jan-Hendrik
1636	Heinsohn, Nina
1637	Moxter, Michael
1638	Held, Katharina
1639	Hemel, Ulrich
1640	Herb, Karlfriedrich
1641	Taureck, Bernhard H.F.
1642	Schweizerisches Epilepsie-Zentrum; Martin Kurthen
1643	Heibach, Christiane
1644	Milev, Yana
1645	Rohde, Carsten
1646	Hegel, Georg Wilhelm Friedrich
1647	Heimann, Adolf
1648	Olivier, Alain Patrick
1649	Gethmann-Siefert, Annemarie
1650	Aragüés, Rafael
1651	Düsing, Klaus
1652	Collenberg-Plotnikov, Bernadette
1653	Kreuzer, Johann
1654	Weisser-Lohmann, Elisabeth
1655	Mohseni, Amir
1656	Xiong, Zhili
1657	Ellmers, Sven
1658	Herrmann, Steffen
1659	Koch, Gertrud
1660	Möllers, Christoph
1661	Hilgers, Thomas
1662	Müller-Mall, Sabine
1663	Hoche, Hans U
1664	Hoeltje, Miguel
1665	Höfele, Andreas
1666	Kellner, Beate
1667	Kaiser, Christian Lecturer
1668	Hofmann, Frank
1669	Hohl, Sabine
1670	Hommen, David
1671	Kann, Christoph
1672	Oswald, Tanja
1673	Hommen, David
1674	Hörisch, Jochen
1675	Hornuff, Daniel
1676	Horst, David
1677	Ulrich Horstmann
1678	Hucklenbroich, Peter
1679	Hüttemann, Andreas
1680	Wagner, Hans
1681	Grünewald, Bernward
1682	Nachtsheim, Stephan
1683	Aschenberg, Reinhold
1684	Oberer, Hariolf
1685	Zander, Folko
1686	Vieweg, Klaus
1687	Iannelli, Francesca
1688	Vercellone, Federico
1689	Kozatsas, Jannis
1690	Dürr, Suzanne
1691	Oh Cho, Chang
1692	Karásek, Jindrich
1693	Kollert, Lukàs
1694	Matejckova, Tereza
1695	Bondeli, Martin
1696	Chotaš, Jiří
1697	Jeck, Udo Reinhold
1698	Kubo, Yoichi
1699	Jaster, Romy
1700	Schulte, Peter
1701	Jentsch, Sabine
1702	Jongen, Marc
1703	Tuinen, Sjoerd van
1704	Hemelsoet, Koenraad
1705	Rauprich, Oliver
1706	Jox, Ralf J.
1707	Marckmann, Georg
1708	Jung, Eva-Maria
1709	Jung, Thomas
1710	Müller-Doohm, Stefan
1711	Jürgens, Andreas Dr. phil
1712	Kalthoff, Herbert
1713	Cress, Torsten
1714	Röhl, Tobias
1715	Kaluza, Martin
1716	Kamp, Georg
1717	Thiele, F
1718	Kamper, Dietmar
1719	Ternes, Bernd
1720	Reich, Annika
1721	Heinz, Rudolf
1722	Karakuş, Attila
1723	Pleitz, Martin
1724	Weidemann, Christian
1725	Karcher, Bert
1726	Kasmann, Tobias
1727	Rader, Olaf B.
1728	Mersmann, Jasmin
1729	Kassung, Christian
1730	Keller, Daniel
1731	Kern-Stähler, Annette
1732	Schöne-Seifert, Bettina
1733	Thiemann, Anna
1734	Kersting, Wolfgang
1735	Kersting, Daniel
1736	Westerkamp, Dirk
1737	Kertscher, Jens
1738	Müller, Jan
1739	Kipke, Roland
1740	Kisser, Thomas
1741	Rippl, Daniela
1742	Tiedtke, Marion
1743	Kittler, Friedrich A.
1744	Scharbert, Gerhard
1745	Hron, Tania
1746	Khaled, Sandrina
1747	Susanne Holl; Friedrich A. Kittler
1748	Völkle, Julian
1749	Kluxen, Rosemarie
1750	Kluxen, Wolfgang
1751	Honnefelder, Ludger
1752	Möhle, Hannes
1753	Hesseler, Philipp
1754	Kobow, Beatrice Sasha
1755	Kodalle, Klaus-Michael
1756	Köhler, Sigrid G.
1757	Schmidt, Florian
1758	Schnädelbach, Sandra
1759	Kompa, Nikola
1760	Schmoranzer, Sebastian
1761	Nitmz, Christian
1762	Suhm, Christian
1763	Taubes, Jacob
1764	Schmitt, Carl
1765	Kopp-Oberstebrink, Herbert
1766	Palzhoff, Thorsten
1767	Treml, Martin
1768	Koppelberg, Dirk
1769	Tolksdorf, Stefan
1770	Kopperschmidt, Josef
1771	Hermanni, Friedrich
1772	Kossmann, Stephan
1773	Krämer, Sybille
1774	Schmidt, Sibylle
1775	Isabel Kranz
1776	Kuba, Alexander
1777	Baumberger, Christoph
1778	Reicher, Maria Elisabeth
1779	Franke, Ursula
1780	Bell, Clive
1781	Majetschak, Stefan
1782	Schmücker, Reinold
1783	Rinderle, Peter
1784	Küpper, Joachim
1785	Schaub, Mirjam
1786	Strätling, Regine
1787	Rautzenberg, Markus
1788	Kutschera, Franz von
1789	Kutschera, Franz von
1790	Reuten, Geert
1791	Lambert, Karel
1792	Lamprecht, Florian
1793	Landig, Anders
1794	Laner, Iris Elisabeth
1795	Lang, Stefan
1796	Langbehn, Claus
1797	Langenohl, Andreas
1798	Schober, Anna
1799	Laukötter, Sebastian
1800	Hoesch, Matthias
1801	Lausen, Fabian
1802	Leefmann, Jon
1803	Leerhoff, Holger
1804	Lehmann, Harry
1805	Lehmann, Johannes Friedrich
1806	Thüring, Hubert
1807	Lemanski, Jens
1808	Lemke, Harald
1809	Lemke, Martin
1810	Ley, Michael
1811	Link, Godehard
1812	Bohmann, Ulf
1813	Wetzel, Dietmar J.
1814	Förschler, Silke
1815	Hahne, Nina
1816	Jung, Frank
1817	Kroll, Thomas
1818	Christoph, Andreas
1819	Baron, Konstanze
1820	Koerrenz, Ralf
1821	Manger, Klaus
1822	Schmidt, Georg
1823	Kaufmann, Jürgen
1824	Kirves, Martin
1825	Uhlmann, Dirk
1826	Fulda, Daniel
1827	Kerschbaumer, Sandra
1828	Matuschek, Stefan
1829	Breidbach, Olaf
1830	Carmellini, Christoph Schmitt-Maaß c/o
1831	Schmitt-Maaß, Christoph
1832	Thoma, Heinz
1833	Rosa, Hartmut
1834	Löschenkohl, Birte
1835	Machek, Christian
1836	Macho, Thomas
1837	Bielefeld, Ulrich
1838	Weiss, Yfaat
1839	Noor, Ashraf
1840	Schmidt, Christoph
1841	Hauk, Anna Maria
1842	Manemann, Jürgen
1843	Arisaka, Yoko
1844	Drell, Volker
1845	Betzler, Monika
1846	Spitzley, Thomas
1847	Marani, Lisa
1848	Marxsen, Christian
1849	Matthiesen, Stephan
1850	Mayer, Michael
1851	Mchedlidze, Gocha
1852	Meggle, Georg
1853	Meier, Frank
1854	Meincke, Anne Sophie
1855	Mende, Dirk
1856	Menga, Ferdinando G
1857	Menke, Cornelis
1858	Mercolli, Laura
1859	Mertens, Karl
1860	Günzler, Ingo
1861	Messelken, Daniel
1862	Anne-Rose Meyer
1863	Kilcher, Andreas B.
1864	Meyer, Sven
1865	Neuhaus, Christine
1866	Meyer, Uwe
1867	Michel, Jan G.
1868	Münster, Gernot
1869	Michel, Christoph
1870	Miklautz, Elfie
1871	Berger, Wilhelm
1872	Misselhorn, Catrin
1873	Pompe-Alama, Ulrike
1874	Ramming, Ulrike
1875	Mittelstrass, Jürgen
1876	Bülow, Christopher von
1877	Mittelstrass, Jürgen
1878	Jackson, Magdalena Balcerak
1879	Blamberger, Günter
1880	Boschung, Dietrich
1881	Fries-Knoblach, Janine
1882	Schütrumpf, Eckart
1883	Romero,Julian Molina
1884	Möller, Melanie
1885	Morscheck, Carmen Taina
1886	Morscher, Edgar
1887	Moser, Jakob
1888	Strätling, Regine
1889	Muders, Sebastian
1890	Muders, Sebastian.
1891	Mühleis, Volkmar
1892	Mühlen, Heribert
1893	Maas, Wilhelm
1894	Mühlmann, Heiner
1895	Müller, Olaf L
1896	Maio, Giovanni
1897	Clausen, Jens
1898	Müller, Thomas
1899	Newen, Albert
1900	Müller, Tobias
1901	Watzka, Heinrich
1902	Müller-Funk, Wolfgang
1903	Müller-Tamm, Jutta
1904	Schmidgen, Henning
1905	Wilke, Tobias
1906	Mulligan, Kevin
1907	Westerhoff, Armin
1908	Münchberg, Katharina
1909	Reidenbach, Christian
1910	Murašov, Jurij
1911	Werner, Sylwia
1912	Kober, Michael
1913	Nagel, Saskia K
1914	Nakas, Kassandra
1915	Naujoks, Anne-Sophie
1916	Stelling, Jendrik
1917	Neuber, Simone
1918	Neumaier, Otto
1919	Riel, Raphael van
1920	Ufert, Wilko
1921	Schönecker, Dieter
1922	Nickel, Gregor
1923	Nicklaus, Hans-Georg
1924	Nida-Rümelin, Julian
1925	Nitsch, Robert
1926	Nitsche, Jessica
1927	Werner, Nadine
1928	Nortmann, Ulrich
1929	Rathgeb, Nicole
1930	Ohashi, Ryosuke
1931	Weidtmann, Niels
1932	Olschanski, Reinhard
1933	Ossa, Miriam
1934	Ostritsch, Sebastian
1935	Özmen, Elif
1936	Hesse, Roland
1937	Anwander, Norbert
1938	Rosenhagen, T. Raja
1939	Clausen, Thies
1940	Figueredo, Florian Franken
1941	Leiss, Florian
1942	Tarkian, Tatjana
1943	Wendt, Fabian
1944	Wolf, Sebastian
1945	Wündisch, Joachim
1946	Pauen, Michael
1947	Staudacher, Alexander
1948	Schütte, Michael
1949	Pavlik, Jennifer
1950	Lulofs, H.J. Drossaart
1951	Lessing, Hans-Ulrich
1952	Liggieri, Kevin
1953	Bruns, Oliver
1954	Gentile, Andrea
1955	Fischer, Norbert
1956	Reifenberg, Peter
1957	Sirovátka, Jakub
1958	Pirktina, Lasma
1959	Raters, Marie-Luise
1960	Fischer, Franz-Alois
1961	Pasqualin, Chiara
1962	Sforza, Maria Agustina
1963	Franken, Dirk
1964	Rößner, Christian
1965	Heereman, Franziskus von
1966	Stoecker, Ralf
1967	Flury, Andreas
1968	Gollasch, Tim
1969	Staudigl, Michael
1970	Mayer, Verena
1971	Erhard, Christopher
1972	Scherini, Marisa
1973	Hildt, Moritz
1974	John, Emanuel
1975	König, Josef
1976	Braun, Nicolas
1977	Rass, Friederike
1978	Horn, Anita Sophia
1979	Braunschweig, Michael
1980	Charpenel, Eduardo
1981	Nordsieck, Viola
1982	Steinbach, Tim-Florian
1983	Palauneck, Martin
1984	Kietzmann, Christian
1985	Placencia, Luis
1986	Damiani, Alberto Mario
1987	Roesner, Martina
1988	Bodenheimer, Alfred
1989	Fischer-Geboers, Miriam
1990	Fragio, Alberto
1991	Philippi, Martina
1992	Ros Velasco, Josefa
1993	Laschet, Oliver
1994	Reinhardt, Karoline
1995	Rapic, Smail
1996	Kaletha, Holger
1997	Zoll, Patrick
1998	Thonhauser, Gerhard
1999	Gregor, Kai
2000	Müller, Armin
2001	Viertbauer, Klaus
2002	Reder, Michael
2003	Malik, Abida
2004	Brüssermann, Jakob
2005	Finkelde, Dominik
2006	Sakaguchi, Alicja
2007	Lehmann, Robert
2008	Ates, Murat
2009	Han, Choong-Su
2010	Schulz, Ole Sören
2011	Gloy, Karen
2012	Kummer, Christian
2013	Sepp, Hans Rainer
2014	Nielsen, Cathrin
2015	Gabriel, Markus
2016	Olay, Csaba
2017	Ostritsch, Sebastian
2018	Knoepffler, Nikolaus
2019	Caffi, Claudia
2020	Lidin, Olof G.
2021	Gosman, Martin
2022	MacDonald, A. A
2023	Sato, Masayuki
2024	Fabian, Reinhard
2025	Lowy, Michael
2026	Hackett
2027	Dhanani, Alnoor
2028	Lettinck, Paul
2029	Malik, Jamal
2030	Liu
2031	Sylwanowicz
2032	Barry, D.K.
2033	Ma'šar, Abu
2034	Elmore, Gerald
2035	Simkin
2036	Hentschel
2037	Kapriev, G.
2038	Jacobi
2039	Rashed, Roshdi
2040	Jolivet
2041	Ibn-Sahl, Sabur
2042	Kahl, Oliver
2043	Lawn, Brian
2044	Daiber
2045	Goris, Wouter
2046	Evans
2047	Harting-Correa, Alice L.
2048	Wright, von
2049	Andersson
2050	Rijk, L.M. de
2051	Wu
2052	Dallal, Ahmad
2053	Resnick, Irven M.
2054	Hoenen, Maarten
2055	Schneider
2056	Wieland
2057	Feld, H.
2058	Compagni, V. Perrone
2059	Cherniss
2060	Tarán
2061	Schulz
2062	King, David
2063	Schwartz, Seth
2064	House, Vaden
2065	Rispler-Chaim, Vardit
2066	Dales
2067	Etzkorn
2068	Mann, Nicholas
2069	Olsen, Birger Munk
2070	Libera, Alain de
2071	Madelung, Wilferd
2072	Walker, Paul
2073	Rashed
2074	Oppenraay, Aafke M.I. van
2075	Holopainen
2076	Saarinen
2077	Rushd, Ibn
2078	MarÃ³th
2079	Fakhry, Majid F.
2080	Kemal, S.
2081	Bos
2082	Kohlberg
2083	Maróth, Miklos
2084	Adang, Camilla
2085	Bäck, Allan T.
2086	Damme, Wilfried van
2087	Dán
2088	Pirnát
2089	Aertsen, Jan
2090	Hertzberg
2091	Pietarinen
2092	Dray, William
2093	Baien, Miura
2094	Mercer
2095	Dascal
2096	White
2097	Zemach
2098	Fleischacker, Samuel
2099	Sareshel, Alfred of
2100	Aertsen
2101	Frakes
2102	O'Rourke
2103	Dolnikowski, Edith Wilks
2104	Spain, Peter of
2105	Elders, Leo J.
2106	Westra, Haijo Jan
2107	Maierù, Alfonso
2108	Butterworth, Charles
2109	Kessel
2110	Lameer, Joep
2111	Biderman
2112	Scharfstein
2113	Kaufmann, M.
2114	Schönberger
2115	Hülsen
2116	Kügelgen, Anke von
2117	Bos, G.
2118	Abrahamov, Binyamin
2119	Shepard, William
2120	Wood, Rega
2121	Dreyer, Mechtild
2122	Synan
2123	Berkvens-Stevelinck, C.
2124	Israel, J.
2125	Meyjes, G.H.M. Posthumus
2126	Haye, Thomas
2127	Riddell, Peter
2128	Street
2129	Fenton, Paul Bernard
2130	Chattopadhyaya
2131	Nauta
2132	Rudolph
2133	Gupta, Chhanda
2134	Wild
2135	Goldstein
2136	Speer
2137	Tuninetti
2138	Velde, te
2139	Goddu
2140	Sleeman
2141	Pollet
2142	Bacon, Roger
2143	Langholm
2144	Alon
2145	Lettinck
2146	Weijers
2147	Enders, Markus
2148	Noya, Manuel Santos
2149	Fantazzi, Charles
2150	Matheeussen, Constant
2151	Stein, Elisabeth
2152	Jong, I.J.F. de
2153	Radtke, Bernd
2154	Jong, de
2155	Park, Seung-Chan
2156	Endress, Gerhard
2157	Bellitto, Christopher M.
2158	Tellkamp, Jörg
2159	Stroumsa, Sarah
2160	Kaldellis, Anthony
2161	Davenport, Anne
2162	Bar-Asher, Meir M.
2163	Motzki, Harald
2164	Reynolds
2165	Ashtiyani, Sayyid Jalal al-Din
2166	Iwami, Takashi
2167	Matsubara, Hideichi
2168	Matsumoto, Akiro
2169	Griffel, Frank
2170	Lagerlund, Henrik
2171	Schmidtke, Sabine
2172	Lagarde, Michel
2173	Heemskerk
2174	Schoonheim, Pieter L.
2175	Astren, Fred
2176	Hary, Benjamin
2177	Hayes, John
2178	Genequand
2179	Koyama, Chumaru
2180	Tamer, Georges
2181	Porro, Pasquale
2182	Dickinson, Eerik
2183	Phang, Sara Elise
2184	Tarán
2185	Perler, Dominik
2186	Pini, Georgio
2187	Leijenhorst, Cees
2188	Lüthy, Christoph
2189	Thijssen, Hans (Johannes M.M.H.)
2190	Brown, David
2191	Poortman, E.L.J
2192	Perreiah, Alan
2193	Abusch, Tzvi
2194	Berg, Daria
2195	Kusuba, Takanori
2196	Pingree, David
2197	Bar-Asher, Meir M
2198	Kofsky, Aryeh
2199	Müller, Anselm
2200	Pohl, Karl-Heinz
2201	Whitman
2202	vanden, Steven Broecke
2203	Bello, Anthony Lo
2204	Meijer
2205	Kruk, Remke
2206	Velde, Paul van de
2207	Suwandi, R
2208	Giordano, Gerard
2209	Peregrin, Jaroslav
2210	Vellinga, M
2211	Grijns, C.D.
2212	Robson, S.O.
2213	Poeze, H.A.
2214	Schoorl, P.
2215	Sedyawati, Edi
2216	Rodenburg, J.
2217	Vickers, A
2218	Brummelhuis, H. ten
2219	Houben, V.J.
2220	Boomgaard, P.
2221	Henley, David E.F.
2222	Barnard, Timothy P
2223	Watson, C.W
2224	Reesink, G
2225	McWilliam, A
2226	Vikør, L.
2227	Buijs, C.W
2228	Miedema, J.
2229	Rodgers, S
2230	Noorduyn, J.
2231	Locher-Scholten, E.B
2232	Knaap, Gerrit
2233	Koster, G.L.
2234	Meijl, Toon van
2235	Locher-Scholten, E.
2236	Reuter, Thomas
2237	Veur, Paul van der
2238	Vries, L. de
2239	Vries-Wiersma, R. de
2240	Teljeur, D.
2241	Jong, P.E. de Josselin de
2242	Jong, J.P.B. de Josselin de
2243	Burns, Peter
2244	Okken, Lambertus
2245	Schwarz, Werner
2246	Ganz, Peter
2247	McFarland, Timothy
2248	Rener, Frederick M.
2249	Würzburg, Konrad von
2250	Baena, Rosalía
2251	Davis, Rocío G.
2252	Coullie, Judith Lütge
2253	Jacobs, J.U.
2254	Vetters, Carl
2255	Borillo, Andrée
2256	Vuillaume, Marcel
2257	Mellet, Sylvie
2258	North, Richard
2259	Weber, Jean Jacques
2260	Keiper, Hugo
2261	Utz, Richard J.
2262	Bode, Christoph
2263	Everett, Wendy
2264	Shepherd, David
2265	Chung, Hilary
2266	McPherson, Karin
2267	Falchikov, Michael
2268	McDougall, Bonnie S.
2269	Simms, Karl
2270	Jr., Rolf H. Bremmer
2271	Ehrlich, Leonard H.
2272	Wisser, Richard
2273	Schrader, Wiebke
2274	Bailey, George W.S.
2275	Djurić, Mihailo
2276	Ettelt, Wilhelm
2277	Lowry, James M.P.
2278	Helleman-Elgersma, Wypkje
2279	Polakow, Avron
2280	Lang, Dieter
2281	Kang, Yung-Kye
2282	Oesch, Martin
2283	Berlinger, Rudolph
2284	Echeverria, E.J.
2285	Bend, J.G. van der
2286	Träger, Franz
2287	Takeda, Sueo
2288	Mager, Kurt
2289	Heinz, Marion
2290	Punter, David
2291	McAlister, Linda
2292	Pleines, Jürgen-Eckhardt
2293	Weppen, Wolfgang von der
2294	Wolzogen, Christoph von
2295	Mitias, Michael H.
2296	Richter, Leonhard G.
2297	Löbl, Rudolf
2298	Dempf, Alois
2299	Classen, Carl Joachim
2300	Farandos, Georgios D.
2301	Middendorf, Heinrich
2302	Böhm, Peter
2303	Weier, Winfried
2304	Hager, Fritz-Peter
2305	Hartmann, Klaus
2306	Sauer, Friedrich Otto
2307	Platzek, Reinhard
2308	Bourgeois, Patrick L.
2309	Schalow, Frank
2310	Meyer, Thomas L.
2311	Franz, Albert
2312	Günther, Dorothea
2313	Böhlig, Alexander
2314	Königshausen, Johann-Heinrich
2315	Stratmann, Nicole
2316	Galewicz, Włodzimierz
2317	Ströker, Elisabeth
2318	Strozewski, Władysław
2319	Wyller, Egil A.
2320	Vergote, Antoon
2321	Kimmerle, Heinz
2322	Frost, Tore
2323	Bos, E.P.
2324	Grund, Dorothea
2325	Baum, Manfred
2326	Hammacher, Klaus
2327	Park, In-Cheol
2328	Neumann, Thomas
2329	Gifford, Paul
2330	Gration, Johnnie
2331	Kosta-Théfaine, Jean-François
2332	Greene, Robert W
2333	Braun, Theodore E.D.
2334	McCarthy, John A.
2335	Rowland, Herbert
2336	Taver, Katja Vera
2337	Pouvreau, Ruth
2338	Schrader, Wolfgang H.
2339	Wildenburg, Dorothea
2340	Schottky, Richard
2341	Girndt, Helmut
2342	Traub, Hartmut
2343	Manz, Hans Georg von
2344	Zöller, Günter
2345	Lay, Frank
2346	West, Russell
2347	Sturgess, Charlotte
2348	Bonger, Henk
2349	Voogt, Gerrit
2350	Santaolalla, Isabel
2351	Sachs-Hombach, Klaus
2352	Bedorf, Thomas
2353	Skrandies, Timo
2354	Spector, Bertram
2355	Gaillard, Nicolas
2356	Grossmann, Andreas
2357	Bernardo, Giuliano
2358	Ziembinski, Zygmunt
2359	Brzeziński, Jerzy
2360	Kuipers, Theo A.F.
2361	Nowak, Leszek
2362	Coniglione, Francesco
2363	Topolski, Jerzy
2364	Eells, Ellery
2365	Maruszewski, Tomasz
2366	Buczkowski, Piotr
2367	Sadurski, Wojciech
2368	Krygier, Martin
2369	Burnheim, John
2370	Esquith, Stephen L.
2371	Gardner, Robert B.
2372	Shanks, Niall
2373	Jonkisz, Adam
2374	Koj, Leon
2375	Faye, Jan
2376	Scheffler, Uwe
2377	Urchs, Max
2378	Elberfeld, Rolf
2379	Bickmann, Claudia
2380	Scheidgen, Hermann-Josef
2381	Voßhenrich, Tobias
2382	Wirtz, Markus
2383	Wimmer, Franz M.
2384	Schelkshorn, Hans
2385	Haller, Rudolf
2386	Nyiri, J.C.
2387	Salamun, Kurt
2388	Werle, Josef M.
2389	Zilian, H.G.
2390	Uebel, Thomas E.
2391	Terricabras, Josep-Maria
2392	Sauer, Werner
2393	Antonelli, Mauro
2394	Sedmak, Clemens
2395	Mezei, Balász M.
2396	Smith, Barry
2397	Neumer, Katalin
2398	Bakacsy, J.
2399	Munch, A.V.
2400	Sommer, A.-L.
2401	Benussi, Vittorio
2402	Bolzano, Bernard
2403	Runggaldier, Edmund
2404	Janik, Allan
2405	Bell, Michael
2406	Poellner, Peter
2407	Nyusztay, Iván
2408	Coronato, Rocco
2409	Pit, Mirna
2410	Schilperoord, Joost
2411	Presler, Judith
2412	Scholz, Sally J.
2413	Mills, Jon
2414	Bailey, Alison
2415	Smithka, Paula J.
2416	Schroeder, Steven
2417	Furlong, Allannah
2418	Koggel, Christine M.
2419	Levin, Charles
2420	Stark, Herman
2421	Mate, Reyes
2422	Miller, George David
2423	Pritscher, Conrad P.
2424	Callaway, H.G.
2425	Redpath, Peter A.
2426	Kaplan, Laura Duhan
2427	Bove, Laurence F.
2428	Lötter, H.P.P. (Hennie)
2429	Polanowski, Janusz A.
2430	Kazanjian, Michael M.
2431	Gilead, Amihud
2432	Wawrytko, Sandra A.
2433	Gordon, Haim
2434	Spirito, Ugo
2435	Schaik, Martin van
2436	Lulofs, Drossaart
2437	Poortman
2438	Arnzen
2439	Balzer, Noel
2440	Bahm, Archie J.
2441	Watson, James R.
2442	Hull, Richard T.
2443	Alican, Necip Fikri
2444	Kebede, Messay
2445	Georgopoulos, N.
2446	Heim, Michael
2447	Gerber, William
2448	Axinn, Sidney
2449	Pencak, William
2450	Wesson, Robert
2451	Williams, Patricia A.
2452	Capizzi, A.
2453	Saleh, Fauzan
2454	Michelini, Ann
2455	Reisman, David Colum
2456	Charette, François
2457	Seiwert, Hubert
2458	Arthur, Chris
2459	Al-Khaledy, Noury
2460	Leiser, Gary
2461	Rijk, de
2462	Rudolph, Ulrich
2463	Tanenbaum, Adena
2464	Gordon, Andrew
2465	Schwabe, Calvin
2466	Scurlock, JoAnn
2467	Brunner, Rainer
2468	Freundlieb, Dieter
2469	Hudson, Wayne
2470	Rundell, J.
2471	Wannenmacher, Julia Eva
2472	Marconi, Clemente
2473	O'Sullivan, Sinéad
2474	Gelber, Hester
2475	Ebrahimnejad, Hormoz
2476	Baert, Barbara
2477	McGinnis, Jon
2478	Eschraghi, Armin
2479	Harris, William V.
2480	Ruffini, Giovanni
2481	Forrester, John
2482	Henry, John
2483	Mittag, Achim
2484	Rüsen, Jörn
2485	Schmidt-Glintzer, Helwig
2486	Moffitt, John F.
2487	Bezner, Frank
2488	Manchester, Peter
2489	Bertolacci, Amos
2490	Deranty, Jean-Philippe Dr.
2491	Schmiedgen, Peter
2492	Sinnerbrink, Robert
2493	Smith, Nicholas
2494	Marcovich
2495	Shihadeh, Ayman
2496	Guerizoli, Rodrigo
2497	Jiroušková, Lenka
2498	Volk, Katharina
2499	Williams, G. D.
2500	Gersh, Stephen
2501	Wakelnig, Elvira
2502	Black, Crofton
2503	Germann, Nadja
2504	Boulting, Noel
2505	Crawford, Michael
2506	Harris, Paul André
2507	Boschung, Peter
2508	Desjardins, Rosemary
2509	Hogendijk, Jan P.
2510	Plofker, Kim
2511	Yano, Michio
2512	Binsbergen, Wim van
2513	Dijk, Rijk van
2514	Saleh, Walid
2515	Takahashi, Hidemi
2516	Day, Richard
2517	Maksakovsky, Pavel
2518	Dinter, Peter
2519	Könsgen, Ewald
2520	Joosse, Peter
2521	Gottschall, Dagmar
2522	Lauro, Elizabeth Dively
2523	Akasoy
2524	Fidora, Alexander
2525	Reiner, Erica
2526	Berchman, Robert
2527	Watt, John
2528	Acar, Rahim
2529	Boogert, Maurits van den
2530	Hamilton, Alastair
2531	Westerweel, Bart
2532	Mourad, Suleiman
2533	Schwartz, Dov
2534	Tibi, Selma
2535	Nissing, Hanns-Gregor
2536	Akasoy, Anna Ayşe
2537	Schöck, Cornelia
2538	Lane, Andrew
2539	Ferrari, Cleophea
2540	Tröhler, Daniel
2541	Oelkers, Jürgen
2542	Rainford, Lydia
2543	Jantzen, Jörg
2544	Kisser, Thomas
2545	Maber, Richard G.
2546	Reader, Keith
2547	Ringrose, Priscilla
2548	Danvers, John
2549	d'Alfonso, Matteo Vincenzo
2550	Evans, David
2551	Croft, Jo
2552	Smyth, Gerry
2553	Pepperell, Robert
2554	Punt, Michael
2555	Rosales, Jacinto Rivera de
2556	Asmuth, Christoph
2557	Metz, Wilhelm
2558	Kultgen, John
2559	Lenzi, Mary
2560	Boersema, David
2561	Brown, Katy Gray
2562	Wintle, Michael
2563	Gersdorf, Catrin
2564	Mayer, Sylvia
2565	Rosen, Steven M.
2566	Bakker, Paul J.J.M.
2567	Kupke, Tanja
2568	al-Dunya, Ibn Abi
2569	Kinberg
2570	Faïz, Mohammed El
2571	Gutas, Dimitri
2572	Blumenthal, David R
2573	Mesch, Barry
2574	Unterkircher, F.
2575	Rotenstreich, Nathan
2576	Dussen, van der
2577	Rubinoff
2578	Meuthen
2579	McCarthy
2580	Tachau, Katherine
2581	Muralt, de
2582	Livesey
2583	Hall, Douglas
2584	Nothdurft
2585	Oruka, Henry Odera
2586	Aquinas, Thomas
2587	Zimmermann
2588	Bello, de
2589	Black
2590	Elders
2591	Doncaster, William of
2592	Schlanger, Jacques
2593	Vajda, Georges
2594	Pseudo-Boèce
2595	Brinkley
2596	Wissink
2597	Conrad, Lawrence
2598	Oakley, Francis
2599	Thijssen, Hans (Johannes)
2600	Zupko, Jack
2601	Murgatroyd, Paul
2602	Trifogli, Cecilia
2603	Rashed, Roshdi
2604	Bellosta, Hélène
2605	Keffer, Hajo
2606	Senger, Hans Gerhard
2607	Swartz, Merlin
2608	Wu
2609	Lines, David
2610	Iskenderoglu, Muammer
2611	Teeuwen, Mariken
2612	Fitzgerald
2613	Behloul, Samuel-Martin
2614	Dufour, Richard
2615	al-Djazâ'irî, 'Abd al-Qâdir
2616	Lagarde, Michel
2617	Landtsheer, Jeanine De
2618	Ljamai, Abdelilah
2619	Kahl, Oliver
2620	Gutman, Oliver
2621	Montuori, M.
2622	Murdoch, John
2623	Newman, William
2624	Klokke, M.
2625	Day, T.
2626	Otto, T.
2627	Borsboom, A.
2628	Vos, Reinout
2629	Wadley, Reed L
2630	Nas, Peter J.M.
2631	Rousseau, J.
2632	Niehof, A.
2633	Wells, David A
2634	Gorlée, Dinda L
2635	Cubitt, Sean
2636	Green, Keith
2637	Melrose, Robin
2638	Biggam, C.P.
2639	Diocaretz, Myriam Díaz
2640	Cooke, Brett
2641	Slusser, George E.
2642	Marti-Olivella, Jaume
2643	Heisey, Ray D.
2644	Gong, Wenxiang
2645	Rajeev, Patke
2646	Lumsden, Robert
2647	Hawley, John
2648	Scheler, Max
2649	Glouberman, M.
2650	Girard, Louis
2651	Mossadeq, Ismail El
2652	Seidl, Horst
2653	Depraz, Nathalie
2654	Richir, Marc
2655	Hussey, Andrew
2656	Stafford, Hélène
2657	Montgomery, Geraldine F
2658	Bloois, Joost de
2659	Houppermans, Sjef
2660	Korsten, Frans-Willem
2661	Houe, Poul
2662	Marino, Gordon D.
2663	Rossel, Sven Hakon
2664	Stockenström, Göran
2665	Böker, Uwe
2666	Hibbard, Julie A.
2667	Loheide, Bernward
2668	Class, Wolfgang
2669	Soller, Alois K.
2670	Lea, Daniel
2671	Schoene, Berthold
2672	Boer, Inge E
2673	Stamer, Gerhard
2674	Augustynek, Zdislaw
2675	Jadacki, Jacek
2676	Strawińsky, Witold
2677	Siegel, Achim
2678	Czezowski, Tadeusz
2679	Nowakowa, Izabella
2680	Decock, Lieven
2681	Horsten, Leon
2682	Sienra, Adolfo García de la
2683	Balzer, Wolfgang
2684	Moulines, C. Ulises
2685	Sneed, Joseph D.
2686	Salamucha, Jan
2687	Świętorzecka, Kordula
2688	Jadacki, Jacek
2689	Praeg, Leonhard
2690	Botz-Bornstein, Thorsten
2691	Diagne, Souleymane Bachir
2692	List, Elisabeth
2693	Srubar, Ilja
2694	Novák, Josef
2695	Oberdan, Thomas
2696	Stadler, Friedrich
2697	Seiler, Martin
2698	Cirera, Ramon
2699	Eder, Gabriele Johanna
2700	Binder, Thomas
2701	Dölling, Evelyn
2702	Chisholm, Roderick M.
2703	Rusnock, Paul
2704	Hochberg, Herbert
2705	Höfer, Ulf
2706	Valent, Jutta
2707	Pichler, Alois
2708	Demeter, Tamás
2709	Bot, Hanneke
2710	Pêcheux, Michel
2711	Walker, Foster N
2712	Diehl, Margaret
2713	Pinton, Giorgio A.
2714	Radford, Robert T
2715	Abbagnano, Nicola
2716	Kazanjian, Michael M
2717	Muguerza, Javier
2718	Efron, Arthur
2719	Potter, Nancy Nyquist
2720	Colonnello, Pio
2721	Curtin, Deane
2722	Litke, Robert
2723	Schrader, Herausgegeben von Wiebke
2724	Llamzon, Benjamin S.
2725	Demarco, Joseph P.
2726	Simonds, Roger T.
2727	Natale, Samuel M.
2728	Madden, Tara M.
2729	Rothschild, Brian M.
2730	Sora, Joseph W.
2731	Steen, Wim J. van der
2732	Levi, Albert William
2733	Statman, Daniel
2734	Sagi, Avi
2735	Marenbon, John
2736	Darge, Rolf
2737	Lohmann, Petra
2738	Jeng, Jyh-Jong
2739	Steunebrink, Gerrit
2740	Zweerde, Evert van der
2741	Munz, Volker A.
2742	Ross, Ciaran
2743	Hintersteiner, Norbert
2744	Nakamura, Yoshiro
2745	Böhm, Jan M.
2746	Kavwahirehi, Kasereka
2747	Riley, Michael W.
2748	Schmidt, Kerstin
2749	Müller-Zettelmann, Eva
2750	Rubik, Margarete
2751	Robson, Kathryn
2752	Därmann, Iris
2753	Hobuß, Steffi
2754	Lölke, Ulrich
2755	Dieterlen, Paulette
2756	Thero, Daniel P.
2757	Schmieja, Horst
2758	Honnefelder, Ludger
2759	Schmidt, Matthias C
2760	Schmidt, Matthias
2761	Schmidt, Matthias C.
2762	Pöggeler, Otto
2763	Hogrebe, Wolfram
2764	Dabrowski, Martin
2765	Wolf, Judith
2766	König, Bernhard
2767	Thiergen, Peter
2768	Lynen, Peter M.
2769	Wolf, Thomas
2770	Hjort Møller, Andreas
2771	Voßkamp, Wilhelm
2772	Utz, Konrad
2773	Dieter Witschen
2774	Freund, Hans-Joachim
2775	Jakobs, Günther
2776	Zielinski, Siegrfried
2777	von Weizsäcker, Carl Christian
2778	Zielinski, Siegfried
2779	Sandkaulen, Birgit
2780	Feustel, Robert
2781	Schmale, Hugo
2782	Schuller, Marianne
2783	Ortmann, Günther
2784	Kess, Reingard
2785	Marion, Jean-Luc
2786	Richier, Marc
2787	Kapust, Antje
2788	Zahavi, Dan
2789	Lohmar, Dieter
2790	Bernet, Rudolf
2791	Luft, Sebastian
2792	Waldenfels, Bernhard
2793	Brough, John Barnett
2794	Tengelyi, László
2795	Stenger, Georg
2796	Pöllner, Peter
2797	Schmidt, Helmut
2798	Janich, Peter
2799	Roesler, Alexander
2800	Stiegler, Bernd
2801	Wulf, Christoph
2802	Hänsch, Anja
2803	Brumlik, Micha
2804	Thiele, Kathrin
2805	Trüstedt, Katrin
2806	Schwarte, Ludger
2807	Strauss, Leo
2808	Patard, Emmanuel
2809	Opitz, Peter-Joachim
2810	Voegelin, Eric
2811	Schneider, Sabine
2812	Brüggemann, Heinz
2813	Schlicht, Tobias
2814	Schmieder, Falko
2815	Fischer, Joachim
2816	Lindemann, Gesa
2817	Zerbst, Arne
2818	Thiele, Felix
2819	Oswald Schwemmer
2820	Klaus Wiegerling
2821	Otto Pöggeler
2822	Vowinckel, Annette
2823	Peter Strasser
2824	Peetz, Siegbert
2825	Elm, Ralf
2826	Brock, Bazon
2827	Völker, Jan
2828	Taubes, Susan
2829	Pareigis, Christina
2830	Hüfler, Almut
2831	Gondek, Hans-Dieter
2832	Klass, Tobias Nikolaus
2833	Tengelyi, László
2834	Barbara Reiter
2835	Goldstein, Kurt
2836	Stahnisch, Frank
2837	Hoffmann, Thomas
2838	Röllin, Beat
2839	Schlitte, Annika
2840	Velminski, Wladimir
2841	Vietta, Silvio
2842	Walter-Busch, Emil
2843	Orlikowski, Anna
2844	Benjamin, Walter
2845	Klein, Tobias Robert
2846	Trautsch, Asmus
2847	Tikal, Alexander
2848	Ladewig, Rebekka
2849	Welsch, Wolfgang
2850	Kohns, Oliver
2851	Doll, Martin
2852	Ricoeur, Paul
2853	Breyer, Thiemo
2854	Creutz, Daniel
2855	Rücker, Sven
2856	Wehrle, Maren
2857	Ritz, Hauke
2858	Schröder, Gerhart
2859	Gödde, Günter
2860	Wolfsteiner, Andreas
2861	Welbers, Ulrich
2862	Rugenstein, Kai
2863	Fuchs, Thomas
2864	Micali, Stefano
2865	Frohoff, Sonja
2866	Solhdju, Katrin
2867	Vedder, Ulrike
2868	Rauen, Verena
2869	Schwarte, Ludger
2870	Schiffers, Juliane
2871	Schürmann, Volker
2872	Mühlmann, Heiner
2873	Taureck, Bernhard H. F.
2874	Vietta, Silvio
2875	Ritz, Hauke Heinrich
2876	Rössler, Reto
2877	Sparenberg, Tim
2878	Merz, Philippe
2879	Pape, Carina
2880	Barta, Dominik
2881	Taubes, Susan
2882	Pareigis, Christina
2883	Zambon, Nicola
2884	Taureck, Bernhard
2885	Dell'Agli, Daniele
2886	Taubes, Ethan
2887	Taubes, Tanaquil
2888	Taubes, Jacob
2889	Kopp-Oberstebrink, Herbert
2890	Richtmeyer, Ulrich
2891	Kohns, Oliver
2892	Roussel, Martin
2893	Rahden, Till van
2894	Glesener, Jeanne E.
2895	Stierle, Karlheinz
2896	Fuchs, Thomas
2897	Strasser, Peter
2898	Eden, Tania
2899	Thiel, Karsten M.
2900	Sander, Sabine
2901	Stahl, Lina Maria
2902	Rosenhauer, Sarah
2903	Schürmann, Eva
2904	Irrgang, Daniel
2905	Sistiaga, Sergey David
2906	Schuff, Jochen
2907	Spann, Anne Sophie
2908	Ringkamp, Daniela
2909	Steger, Florian
2910	Stei, Erik
2911	Friedrich, Orsolya
2912	Zichy, Michael
2913	Riel van, Raphael
2914	Nucci, Ezio Di
2915	Schildmann, Jan
2916	Schnüriger, Hubert
2917	Reichardt, Bastian
2918	Samans, Alexander
2919	Rapp, Christof
2920	Hasper, Pieter Sjoerd
2921	Meixner, Uwe
2922	Sowa, Rochus
2923	Hillerbrand, Rafaela
2924	Schumann, Gunnar
2925	Schöttler, Tobias
2926	Schäfer, Rainer
2927	Wiesemann, Claudia
2928	Simon, Alfred
2929	Hüllbrock, Linda
2930	Tindale ,Christopher W.
2931	Weitner, Thomas
2932	Rüther, Markus
2933	Weber, Marc Andree
2934	Raatzsch, Richard
2935	Schmalzried, Lisa Katharin
2936	Rebecca, Tietjen, Ruth
2937	Albersmeier, Frauke
2938	Schmücker, Reinold
2939	Müller-Salo, Johannes
2940	Sander, Thorsten
2941	Schepelmann, Maja
2942	Rami, Dolf
2943	Walter, Sven
2944	Stoecker, Ralf
2945	Steinkrüger, Philipp
2946	Dunlop, Katherine Laura
2947	Levey, Samuel
2948	Willemsen, Pascale
2949	Rohs, Peter
2950	Ierodiakonou, Katerina
2951	Wils, Jean-Pierre
2952	Weber, Karsten
2953	Zoglauer, Thomas
2954	Schneider, Sebastian C. T.
2955	Plato, Levno von
2956	Wehinger, Daniel
2957	Pleitz, Martin
2958	Roughley, Neil
2959	Recki, Birgit
2960	Wedelstaedt, Almut Kristine v.
2961	Pötzsch, Janelle
2962	Wille, Matthias
2963	Rubrech, Corinna
2964	Rüther, Markus
2965	Salloch, Sabine
2966	Weber-Guskar, Eva
2967	Schweikard, David P
2968	Schleidgen, Sebastian
2969	Pompe, Ulrike
2970	Kowalewicz, Michel Henri
2971	Gosepath, Stefan
2972	Remenyi, Matthias
2973	Warkus, Matthias
2974	Nida-Rümelin, Julian
2975	Pfordten, Dietmar v. d.
2976	Welpinghus, Anna
2977	Staudacher, Alexander
2978	Zinck, Alexandra
2979	Schmid, Stephan
2980	Beebee, Helen
2981	Schrenk, Markus
2982	Schmetkamp, Susanne
2983	Tremmel, Jörg
2984	Reinmuth, Friedrich
2985	Siegwart, Geo
2986	Puster, Rolf W.
2987	Stelzner, Werner
2988	Rugel, Matthias
2989	Rheinwald, Rosemarie
2990	Scholz, Oliver R.
2991	Kowalewicz, Michel Henri
2992	Schönecker, Dieter
2993	Schlicht von Rabenau, Mathias
2994	Tetens, Holm
2995	Schlothfeldt, Stephan
2996	Stephan, Achim
2997	Busch, Hans Ch. Schmidt am
2998	Thamer, Hans U.
2999	Siep, Ludwig
3000	Waszek, Norbert
3001	Pietrek, Torsten
3002	Buchheim, Thomas
3003	Rosenkranz, Sven
3004	Rami, Adolf
3005	Wansing, Heinrich
3006	Schlicht, Tobias
3007	Porz, Rouven
3008	Scully, Jackie L
3009	Zimmermann-Acklin, Markus
3010	Peckhaus, Volker
3011	Bernhard, Peter
3012	Seck, Carsten
3013	Pikulik, Lothar
3014	Wille, Matthias
3015	Sturm, Thomas
3016	Spät, Patrick
3017	Slaby, Jan
3018	Schubotz, Ricarda
3019	Schwarz, Wolfgang
3020	Schmidt, Kirsten
3021	Schildknecht, Christiane
3022	Teichert, Dieter
3023	Zantwijk, Temilo van
3024	Vossgerau, Gottfried
3025	Rippe, Klaus P
3026	Schönrich, Gerhard
3027	Radtke, Burkhard
3028	Potthast, Thomas
3029	Herrmann, Beate
3030	Müller, Uta
3031	Stange, Mike
3032	Loh, Werner
3033	Zimmermann, Rainer E.
3034	Mall, Ram Adhar
3035	Merker, Barbara
3036	Schlaudt, Oliver
3037	Pfordten, Dietmar von der
3038	Backmann, Marius
3039	Guderian, Myung Hee
3040	Tacca, Michela C
3041	Kallhoff, Angela
3042	Mößner, Nicola
3043	Rühl, Ulli F
3044	Seide, Ansgar
3045	Henschen, Tobias
3046	Stier, Marco
3047	Scharifi, Gilbert
3048	Hahn, Leopold
3049	Schmidt, Thomas
3050	Walter, Henrik
3051	Eissa, Tina-Louise
3052	Sorgner, Stefan Lorenz
3053	Schöne, Tim
