1	Education
2	Education
3	Dadaism
4	Avant-garde (Aesthetics)
5	Human figure in art
6	Dadaism
7	Philosophy, Modern
8	Reproduction
9	Zoology
10	Categories (Philosophy)
11	Rhetoric, Ancient
12	PHILOSOPHY / History &amp; Surveys / Ancient &amp; Classical
13	Metaphysics
14	Philosophy, Ancient
15	Architecture and philosophy
16	Architecture
17	Philosophy
18	Ciceronianism
19	Art appreciation
20	Influence (Literary, artistic, etc.)
21	Philosophy, Ancient
22	Medicine, Greek and Roman
23	Medicine, Medieval
24	Medical literature
25	History, Ancient
26	Theology
27	Church history
28	Bibellektüre
29	Humanismus
30	Scholastik
31	Theologie
32	Christianity and religious humanism
33	Scholasticism
34	Kommentar
35	Philosophers
36	Mysticism
37	Iberian Peninsula
38	Spain
39	Philosophy, Medieval
40	PHILOSOPHY / History &amp; Surveys / Medieval
41	POLITICAL SCIENCE / History &amp; Theory
42	Angels
43	Angels
44	PHILOSOPHY / History &amp; Surveys / Medieval
45	Germany
46	Lollards
47	Religion and philosophy
48	Christian philosophy
49	Christian humanism
50	Philosophy and religion
51	Contemplation
52	Spiritual life
53	Contemplation
54	Spiritual life
55	France
56	Social sciences
57	Isidore, of Seville, Saint
58	Anarchism
59	Romanticism
60	Philosophy, German
61	Platonists
62	Biology
63	Philosophy, Chinese
64	Humanities
65	Buddhism
66	Life
67	Psychology
68	Soul
69	Pleasure
70	Reason
71	Discourse analysis, Narrative
72	Knowledge, Theory of
73	Ethics
74	Platonists
75	Physics
76	Science
77	Antigone (Greek mythology) in literature
78	Cosmology, Ancient, in literature
79	Tragic, The, in literature
80	Ambiguity in literature
81	Authors, Latin (Medieval and modern)
82	Learning and scholarship
83	Netherlands
84	God
85	Fate and fatalism
86	Eternity
87	Philosophical anthropology
88	Philosophy of nature
89	Literature and science
90	Ontology
91	Hermeneutics
92	Skepticism
93	Philosophy, Comparative
94	Irreligion
95	Philosophy, English
96	Theology, Doctrinal
97	Aesthetics
98	Metaphysics
99	Perception (Philosophy)
100	Soul
101	Philosophy, Medieval
102	Immortality (Philosophy)
103	Philosophy of mind
104	Intellect
105	Causation
106	Philosophy of nature
107	Change
108	Vitalism
109	Mechanism (Philosophy)
110	Islamic music
111	Music
112	Europe
113	Knowledge, Theory of
114	Free will and determinism
115	Possibility
116	Rhetoric, Renaissance
117	Humanists
118	Science, Ancient
119	Science, Medieval
120	Natural law
121	Philosophy, Modern
122	Religion
123	Latin literature, Medieval and modern
124	Renaissance
125	Humanists
126	Europe, Northern
127	Astronomy
128	Philosophy
129	God (Christianity)
130	Philosophy and religion
131	Reformed Church
132	Hermeneutics
133	Allegory
134	PHILOSOPHY
135	Infinite
136	Islam
137	Islamic philosophy
138	Sufism
139	Middle Ages
140	History
141	Psychology
142	Occultism
143	Civilization, Medieval
144	Time
145	Atomism
146	Empiricism
147	Christian ethics
148	Modality (Logic)
149	Act (Philosophy)
150	Renaissance
151	Humanism
152	Ethics, Modern
153	Godsdienstfilosofie
154	Voorzienigheid
155	Philosophical theology
156	Providence and government of God
157	Duitsland
158	Mysticism and literature
159	Kosmologie
160	Schepping
161	Creation
162	Astrology
163	Arabisch
164	Astrologie
165	Geschiedbronnen
166	Latijn
167	Astrology, Arab
168	Astrology, European
169	Rezeption
170	Philosophie
171	Griechenland (Altertum)
172	Geschichtsschreibung
173	Philosophie
174	Methodology
175	Skeptizismus
176	Skepticism
177	Continuing education
178	Philosophy, European
179	Rhetoric
180	Church
181	Popes
182	Censorship
183	Enlightenment
184	Literature, Modern
185	Education, Higher
186	Universities and colleges
187	Amsterdam (Netherlands)
188	Aktivität
189	Dynamik
190	Energie
191	Kosmogonie
192	Power (Philosophy)
193	Travelers' writings, European
194	Scholars
195	Europe, Central
196	Austria
197	Social contract
198	Time in literature
199	Natural history
200	Religion and science
201	Political science
202	Philologists
203	Cardinal virtues
204	Ethics, Medieval
205	Italy
206	Heresy
207	Intellectual life
208	Naturalists
209	BIOGRAPHY &amp; AUTOBIOGRAPHY / Science &amp; Technology
210	BIOGRAPHY &amp; AUTOBIOGRAPHY / Environmentalists &amp; Naturalists
211	Philosophical literature
212	Methodology
213	Virtue
214	Vice
215	Justice
216	Knowledge, Theory of (Religion)
217	PHILOSOPHY / Essays
218	PHILOSOPHY / Reference
219	Faith and reason
220	Time in art
221	Time perception
222	Art, Medieval
223	Art, Renaissance
224	Ethics
225	Psychology and philosophy
226	Philosophy, Renaissance
227	Florence (Italy)
228	Secrecy
229	Evangelicalism
230	Philosophers
231	Scholars
232	Music theory
233	Harmony of the spheres
234	Free will and determinism
235	Molinism
236	Calvinism
237	Theodicy
238	Good and evil
239	Greek philology
240	Civilization
241	Intellectual life
242	Italy
243	Debates and debating
244	Humanism
245	Rhetoric
246	Grammar, Comparative and general
247	Philosophy, Danish
248	Philosophy, Danish
249	Universals (Philosophy)
250	Magic
251	Memory
252	Philosophy, Dutch
253	Probabilism
254	Public opinion
255	Sacrifice
256	Self-interest
257	Quietism
258	Jansenists
259	Human-animal relationships
260	Speciesism
261	Social aspects
262	Deconstruction
263	Phenomenology
264	Postcolonialism
265	Critical theory
266	Philosophy, French
267	Consciousness
268	Memory (Philosophy)
269	Virtual reality
270	Reality
271	Mental illness
272	Psychoanalysis
273	Psychoanalysis and philosophy
274	Mental illness
275	Psychoanalysis
276	Jungian psychology
277	Brain
278	Cognitive psychology
279	Evolutionary psychology
280	Human evolution
281	Self-consciousness (Awareness)
282	Self (Philosophy)
283	Transcendence (Philosophy)
284	God
285	Education, Humanistic
286	Idealism, German
287	Self-knowledge, Theory of
288	Sublime, The
289	Logic, Symbolic and mathematical
290	BIOGRAPHY &amp; AUTOBIOGRAPHY / Religious
291	Religions
292	Recognition (Philosophy)
293	PHILOSOPHY / History &amp; Surveys / Modern
294	Logic
295	Skeptics (Greek philosophy)
296	PHILOSOPHY / Epistemology
297	Individuality
298	Negation (Logic)
299	Capitalism
300	Arts and morals
301	Art
302	Marriage
303	Friendship
304	Organizational sociology
305	Conscience
306	Liberty
307	Normativity (Ethics)
308	Ethics, Modern
309	Jewish astrology
310	Commandments (Judaism)
311	Medical astrology
312	Jewish astrology
313	Jewish philosophers
314	Latin language
315	Latin language
316	Religion
317	Political violence
318	Political ethics
319	Good and evil
320	Authoritarianism
321	Chance in art
322	Art, Modern
323	Art, Modern
324	Philosophy, German
325	Idealism
326	Romanticism
327	Theology, Doctrinal
328	Geometry
329	Mathematics
330	Transcendentalism
331	Transcendentalism
332	Phenomenology
333	Political and social views
334	Image (Philosophy)
335	Imagination
336	Imagination
337	Continental philosophy
338	Knowledge, Theory of (Buddhism)
339	Mahayana Buddhism
340	Human-animal relationships
341	Animal rights
342	Human beings
343	Meat
344	Meat industry and trade
345	Animals (Philosophy)
346	Animal experimentation
347	Animal welfare
348	Political science
349	Das Kapital (Marx)
350	Marxist criticism
351	Communism
352	Socialism
353	Maatschappijkritiek
354	Marxisme
355	Communism
356	Soviet Union
357	Het Westen
358	Sovjet-Unie
359	Communism and Christianity
360	Communism and religion
361	Philosophy, Marxist
362	Marxian economics
363	Philosophy, Marxist
364	Permanent revolution theory
365	Philosophical theology
366	Materialism
367	Historical materialism
368	Marxist criticism
369	Marxian historiography
370	Dialectical materialism
371	Communism and religion
372	Socialism and religion
373	Individualism
374	POLITICAL SCIENCE / Political Ideologies / Communism &amp; Socialism
375	Space and time
376	Capitalism
377	Women and communism
378	Social movements
379	SOCIAL SCIENCE / General
380	Atheism
381	Theology
382	Ideology
383	Labor
384	Labor theory of value
385	Language and languages
386	Linguistics
387	Sociolinguistics
388	LANGUAGE ARTS &amp; DISCIPLINES / Linguistics / Historical &amp; Comparative
389	Capital
390	Communists
391	Dialectic
392	Social sciences
393	Hegemony
394	Social conflict
395	Socialism
396	Political participation
397	Civilization, Modern
398	Economic development
399	Marxian economics
400	Economic history
401	Economic policy
402	Latin America
403	Latin America
404	Working class
405	Labor movement
406	Macroeconomics
407	Philosophy, Russian
408	Communism and ecology
409	Philosophy, French
410	Communists
411	Money
412	Finance
413	Monetary policy
414	Neoliberalism
415	Equality
416	Social ethics
417	Social justice
418	Economics
419	Time
420	Value
421	Feminist theory
422	Feminism
423	Passive resistance
424	Communist state
425	State, The
426	Communism and society
427	Democracy
428	Communism and philosophy
429	Socialism and culture
430	Socialism and literature
431	PHILOSOPHY / History &amp; Surveys / Modern
432	Philosophy, Iranian
433	Philosophy, European
434	Justice (Philosophy)
435	Astronomía medieval
436	Cosmología medieval
437	Astronomy, Medieval
438	Carolingians
439	Cosmology, Medieval
440	Planetary theory
441	Astronomy, Medieval
442	Ephemerides
443	Sundials
444	Cosmology
445	Science
446	Thought experiments
447	Scholasticism
448	Arachnologists
449	Conchologists
450	Physicians
451	Scientists
452	Great Britain
453	Physicians
454	Medicine
455	Venus (Planet)
456	Catholic Church and philosophy
457	Catholic learning and scholarship
458	PHILOSOPHY / Movements / Post-Structuralism
459	Psychology and religion
460	PSYCHOLOGY / General
461	SCIENCE / Cosmology
462	Alchemy
463	Manuscripts, English (Middle)
464	Comets
465	Science, Renaissance
466	Infinite
467	Motion
468	Physics
469	Place (Philosophy)
470	Vacuum
471	Cognitive grammar
472	Communication
473	Psycholinguistics
474	Jewish philosophy
475	Citizenship
476	Values
477	Artists
478	Intellectuals
479	ART / History / General
480	Immanence (Philosophy)
481	Concord
482	Islamic philosophy
483	Ismailites
484	Ibn Masarrah, Muḥammad ibn ʻAbd Allāh
485	Ibn al-ʻArabī
486	Christianity and other religions
487	Motazilites
488	Medicine, Arab
489	Medicine, Medieval
490	God (Islam)
491	Iran
492	Jewish scholars
493	Action theory
494	Negligence
495	Logic, Medieval
496	Muslim logicians
497	Analysis (Philosophy)
498	Cognition
499	Philosophy of mind
500	Semantics
501	Thought and thinking
502	Hylomorphism
503	Mysticism
504	Causation
505	Reference (Linguistics)
506	Signification (Logic)
507	Future contingents (Logic)
508	Cognition in animals
509	Animal intelligence
510	medieval philosophy
511	Culturele invloeden
512	Essays
513	Receptie
514	Vertalingen
515	French literature
516	Nederland
517	Mechanik
518	Naturwissenschaften
519	Technik
520	Technischer Fortschritt
521	Technology
522	Epistemics
523	Epistemics
524	Europe
525	Imagination (Philosophy)
526	Cognition
527	Jewish philosophy
528	Gezegdes
529	Vertalen
530	Proverbs, Arabic
531	Determinisme
532	Islamitische filosofie
533	Toeval
534	Civilization, Islamic
535	Philosophy, Islamic
536	Science and civilization
537	Translations
538	Das Seiende
539	Erkenntnistheorie
540	Metaphysik
541	Transzendentalphilosophie
542	Syllogism
543	Inference
544	Islamic civilization
545	Islamic cosmology
546	Zaydīyah
547	Motazilites
548	Cosmography
549	Cartography
550	Earth (Planet)
551	Theological anthropology
552	Sufis
553	Translating and interpreting
554	Arabic literature
555	Hebrew literature, Medieval
556	Prognosis
557	Medical astrology
558	Medicine, Greek and Roman
559	Prognosis
560	Sanskrit language
561	Syriac language
562	Persian language
563	Pharmacy
564	Practical reason
565	Rationalism
566	Islamic law
567	Astrology
568	Ancient history
569	History
570	Islamic ethics
571	Islam
572	Catholic Church and philosophy
573	Critical pedagogy
574	Political violence
575	State-sponsored terrorism
576	Violence
577	PHILOSOPHY / Eastern
578	Universalism
579	Judaism and philosophy
580	Jewish law
581	Rabbinical literature
582	Judaism
583	God (Judaism)
584	Jewish ethics
585	Reform Judaism
586	Jewish law
587	Conservative Judaism
588	Women in Judaism
589	Women and religion
590	Feminism
591	Genomics
592	Logic
593	Neo-Confucianism
594	Tiantai Buddhism
595	Induction (Logic)
596	Philosophy, Chinese
597	PHILOSOPHY / Eastern
598	Philosophy, Confucian
599	Scientism
600	China
601	Practice (Philosophy)
602	Neo-Confucianism
603	Confucianism
604	Civilization, Modern
605	Tao
606	Taoism
607	Populism
608	Populism
609	China
610	Witchcraft
611	Philosophy, Japanese
612	Optica
613	Optics
614	Refraction, Astronomical
615	Science, Medieval
616	Rare books
617	Human anatomy
618	Anatomy
619	Christologie
620	Monenergismus
621	Monotheletismus
622	Monothelitism
623	Christentum
624	Humanismus
625	Theological anthropology
626	Florenz
627	Italien
628	Neoplatonism
629	Depression, Mental
630	Italian language
631	Italian language
632	Italienisch
633	Environmental ethics
634	Environmental ethics
635	Austro-Marxist school
636	Austro-Marxist school
637	Austria
638	Neurosciences
639	Conduct of life
640	Jewish ethics
641	Virtues
642	Agriculture
643	Planting (Plant culture)
644	Sleep
645	Dreams
646	Manuscripts, Greek (Papyri)
647	Greece
648	Symbolism of numbers
649	Matter
650	Sacrifice
651	Greek Literature
652	Fate and fatalism
653	Mind and body
654	Cosmology
655	Mind and body
656	Stoics
657	Emotions
658	Human behavior
659	Mixing (Philosophy)
660	Astronomy, Greek
661	Ambiguity
662	Cosmology, Ancient
663	Atlantis (Legendary place)
664	Athens (Greece)
665	Greece
666	Demonology
667	Cynicism
668	Cynicism
669	Weights and measures, Ancient
670	Ethics, Ancient
671	Reasoning
672	Intuition
673	Logic, Ancient
674	One (The One in philosophy)
675	Intellect
676	Authors, Greek
677	Christian heresies
678	Theodicy
679	Names
680	Names
681	Stoics
682	Space and time
683	Conduct of life
684	Prime matter (Philosophy)
685	Division (Philosophy)
686	Alexandrian school
687	Science, Ancient
688	Authors, Greek
689	Mathematics, Greek
690	Philosophy, Armenian
691	Predicate (Logic)
692	Pre-Socratic philosophers
693	Senses and sensation
694	Hypothesis
695	Hypothesis
696	Syllogism
697	God (Greek religion)
698	Hymns, Greek (Classical)
699	Language and languages
700	Perspiration
701	Dizziness
702	Fatigue
703	Dizziness
704	Fatigue
705	Perspiration
706	Emotions (Philosophy)
707	Christianity
708	Weather forecasting
709	Météorologie
710	Temps (Météorologie)
711	Peripatetische School
712	Retorica
713	Peripatetics
714	Wilszwakte
715	Akrasia
716	Akrasia
717	Neoplatonisme
718	Tekstoverlevering
719	Neoplatonism
720	Philosophy, Arab
721	Neuplatonismus
722	Neuplatonismus
723	Armenisch
724	Griechisch
725	Hebräisch
726	Syrisch
727	Filosofie
728	Definiëring
729	Logica
730	Metafysica
731	Definition (Philosophy)
732	Définition (Philosophie)
733	Langage et langues
734	De memoria et reminiscentia (Aristoteles)
735	Herinnering
736	Mémoire (Philosophie)
737	Epicurisme
738	Praktische filosofie
739	Epicureans (Greek philosophy)
740	Solitude
741	Morale ancienne
742	Morale pratique
743	Morale
744	Épicuriens
745	Cratylus (Plato)
746	Philosophie ancienne
747	Individuation (Philosophy)
748	Ethics, Ancient
749	Daimon (The Greek word)
750	Demonology
751	Greek language
752	FOREIGN LANGUAGE STUDY
753	First philosophy
754	PHILOSOPHY / Ethics &amp; Moral Philosophy
755	Sophists (Greek philosophy)
756	Proverbs in literature
757	Death
758	Motion
759	Meteorology
760	Winds
761	Comparative linguistics
762	Typology (Linguistics)
763	Natural theology
764	Decision making
765	Art, Abstract
766	Classicisme
767	Criterion (tijdschrift)
768	Humanisme (levensbeschouwing)
769	Creative ability
770	Bengal (India)
771	Realism
772	Art, Chinese
773	PHILOSOPHY / History &amp; Surveys / General
774	Aesthetics
775	Human body (Philosophy)
776	Abstraction
777	Haecceity (Philosophy)
778	Chinese language
779	Aesthetics, Modern
780	Art and science
781	Aesthetics, Modern
782	Collective education
783	Collective education
784	Israel
785	Communitarianism
786	Liberalism
787	Political ethics
788	Political sociology
789	Communitarianism
790	Literature
791	Germany
792	Negative theology
793	Christianity
794	Interfaith relations
795	Islamic interpretations of the Blessed Virgin Mary
796	Mary, Blessed Virgin, Saint, in the Qurʼan
797	Muḥammad, Prophet, in the Qurʼan
798	Bosnia and Herzegovina
799	Gnosticism
800	Syncretism (Religion)
801	Religions
802	Theory (Philosophy)
803	Philosophy, Finnish
804	Philosophy, Finnish
805	Finland
806	Ideals (Philosophy)
807	Philosophy, African
808	Africa
809	Lvov-Warsaw school of philosophy
810	Philosophy, Polish
811	Philosophy, Polish
812	Arithmetic
813	Psychology and philosophy
814	Pragmatism
815	Pragmatism
816	Knowledge, Sociology of
817	Knowledge, Sociology of
818	Mathematics
819	Question (Logic)
820	Research
821	Thought and thinking
822	Empiricism
823	Quantum theory
824	Philosophy and science
825	Gegenwart Gottes
826	Philosophische Theologie
827	Schöpfungsordnung
828	Vorsehung
829	Religion and science
830	Evolution (Biology)
831	Semiotics
832	Trinity
833	Anthropology of religion
834	Anthropology
835	Social groups
836	Social participation
837	Emergence (Philosophy)
838	Habit (Philosophy)
839	Habit
840	Virtues
841	Character
842	Sects
843	Christian sects
844	Church growth
845	Art and literature
846	Ut pictura poesis (Aesthetics)
847	Greek literature
848	Latin literature
849	ART / Performance
850	ART / Reference
851	Law
852	Law (Philosophical concept)
853	Human behavior
854	Poetik
855	Tragödie
856	Tragic, The
857	Aesthetics in literature
858	Ethics in literature
859	Self-consciousness (Awareness) in literature
860	Arts
861	PHILOSOPHY / Aesthetics
862	Forensic psychology
863	Phenomenological psychology
864	Subjectivity
865	PHILOSOPHY / Movements / Phenomenology
866	Identity (Philosophical concept)
867	Self
868	Violence
869	Pluralism
870	Pluralism
871	Vision
872	Reality
873	Intentionality (Philosophy)
874	Appearance (Philosophy)
875	Experience
876	Performative (Philosophy)
877	Subjectiviteit
878	Sociology
879	Kritische theorie
880	Critical theory
881	Work
882	Frankrijk
883	Autonomy (Philosophy)
884	Frankfurt school of sociology
885	Culture
886	Modernism (Aesthetics)
887	LITERARY CRITICISM / European / German
888	Liberty
889	Arts and society
890	Government accountability
891	Politieke filosofie
892	Kirche
893	Staat
894	Church and state
895	Church property
896	Christian poetry, English
897	Devotional literature, English
898	RELIGION / Christian Life / Spiritual Growth
899	RELIGION / Christian Ministry / Discipleship
900	Church renewal
901	Conciliar theory
902	Brixen (Ecclesiastical principality)
903	Cardinals
904	Sex differences
905	Sex discrimination against women
906	Women's rights
907	Political culture
908	Trust
909	Happiness
910	Kikuyu (African people)
911	Philosophy, Kikuyu
912	Kenya
913	Philosophy, African
914	Philosophy, Asian
915	PHILOSOPHY / Ethics &amp; Moral Philosophy
916	PHILOSOPHY / Social
917	International relations
918	Distributive justice
919	Globalization
920	Sovereignty
921	Cosmopolitanism
922	PHILOSOPHY / Social
923	Just war doctrine
924	War
925	POLITICAL SCIENCE / General
926	Happiness
927	Crisis management in government
928	Emergency management
929	Democracy
930	Republicanism
931	Executive power
932	War and emergency powers
933	Derogation (Law)
934	Human ecology
935	Sustainable development
936	Environmental protection
937	Environmental policy
938	Alienation (Philosophy)
939	Critical thinking
940	Legal positivism
941	City and town life
942	Streetscapes (Urban design)
943	Jewish sermons, Hebrew
944	RELIGION / Sermons / Jewish
945	Jewish sermons Hebrew
946	Rabbis
947	Jews
948	Future life
949	Eternity
950	Cabala
951	Hebrew language
952	Halacha
953	Jüdische Philosophie
954	Polen
955	Filosofía judía
956	Filósofos judíos
957	Philosophes juifs
958	Philosophie juive
959	Philosophie médiévale
960	Jewish philosophers
961	Karaites
962	Karaite philosophy
963	Holocaust, Jewish (1939-1945)
964	Religion and politics
965	Judaism and politics
966	Hasidism
967	Tosafists
968	Martyrdom
969	RELIGION / Judaism / History
970	Nationalism
971	Nationalities, Principle of
972	Cabala
973	Hekhalot literature
974	Merkava
975	Cairo Genizah
976	Jewish historians
977	Russia
978	Particularism (Theology)
979	Mystical union
980	Creation
981	Creation in rabbinical literature
982	Diaries
983	Letters
984	Netherlands
985	Politische Philosophie
986	Human rights
987	Right of property
988	Property
989	Poverty
990	RELIGION / Institutions &amp; Organizations
991	Salamanca school (Catholic theology)
992	Church and social problems
993	International law
994	Music and philosophy
995	Music
996	Néo-platonisme
997	Platoniciens
998	Good and evil
999	Mal
1000	Abrahamic religions
1001	Death in literature
1002	PHILOSOPHY / History &amp; Surveys / Ancient &amp; Classical
1003	Prayer
1004	Musical intervals and scales
1005	PHILOSOPHY / Metaphysics
1006	Epidemics
1007	Life
1008	Future, The
1009	SOCIAL SCIENCE / Human Geography
1010	Syllogismen
1011	Logique médiévale
1012	Logic, Medieval
1013	Absolute, The
1014	Philosophical anthropology
1015	Ars magna (Lullus)
1016	Transcendentalia
1017	Metaphysik
1018	Transzendentalien
1019	Engelsprache
1020	Sprechakt
1021	Imaginary languages
1022	Syncategorematische termen
1023	Ockhamismus
1024	Realismus &lt;Philosophie&gt;
1025	Transzendentaltheologie
1026	Transcendentals
1027	Paris (France)
1028	Holiness
1029	Civilization, Medieval
1030	Trinity
1031	RELIGION / Christian Theology / General
1032	Botany
1033	NATURE / Plants / General
1034	SCIENCE / Life Sciences / Botany
1035	Twelfth century
1036	Immortality
1037	Conceptualism
1038	Whole and parts (Philosophy)
1039	Historiography
1040	Exempla
1041	Reasoning
1042	Tracts
1043	Speeches, addresses, etc., Latin (Medieval and modern)
1044	Statesmen
1045	Rome
1046	Dialogues, Latin (Medieval and modern)
1047	Humanism in literature
1048	Existentialism in literature
1049	Philosophy, American
1050	Philosophy, American
1051	Peace-building
1052	Law and literature
1053	Law
1054	Law and literature
1055	Russia
1056	Czech literature
1057	Czechoslovakia
1058	Czech Republic
1059	Friendship
1060	Philosophy in literature
1061	Immanence (Philosophy) in literature
1062	Immanence of God in literature
1063	Existential ethics
1064	Grace (Theology)
1065	Grace (Aesthetics)
1066	Secular humanism
1067	Black theology
1068	African American philosophy
1069	Cognitive science
1070	Linguistics
1071	Transcendence of God
1072	Semiotics
1073	Documentary films
1074	Death in motion pictures
1075	Mortality in art
1076	Mortality in literature
1077	Silence (Philosophy)
1078	Silence in literature
1079	Silence in art
1080	Thomism
1081	Motion pictures
1082	Terrorism
1083	Peace
1084	Culture
1085	Medical ethics
1086	African Americans
1087	Public health
1088	Symbolism (Psychology)
1089	Spirituality
1090	Refugees
1091	Exile (Punishment)
1092	Exil
1093	Nonviolence
1094	Reference (Philosophy)
1095	Poetics
1096	Loneliness
1097	Biography
1098	Women pacifists
1099	Women
1100	Women and war
1101	Paradox
1102	Philosophy and social sciences
1103	Absurd (Philosophy)
1104	Meaning (Philosophy)
1105	Utopias
1106	Dystopias
1107	Desire (Philosophy)
1108	Homelessness
1109	Homelessness
1110	War on Terrorism, 2001-2009
1111	Buddhism and politics
1112	Spain
1113	Cognitive neuroscience
1114	Social perception
1115	Philosophy, Italian
1116	Globalization
1117	International relations
1118	Ontology
1119	Tradition (Judaism)
1120	Tradition (Philosophy)
1121	Existential psychotherapy
1122	Existentialism
1123	Marginality, Social
1124	Gay rights
1125	Emigration and immigration
1126	Gay rights
1127	Marginality, Social
1128	Race
1129	Sex role
1130	Social problems
1131	United States
1132	United States
1133	Panentheism
1134	Subconsciousness
1135	Subconsciousness in literature
1136	Values
1137	Substance abuse
1138	Compulsive behavior
1139	Bioethics
1140	Power (Social sciences)
1141	Bioethics
1142	Peace
1143	Minorities
1144	Nationalism
1145	Minorities
1146	Loneliness
1147	Intimacy (Psychology)
1148	Collective memory
1149	Reconciliation
1150	Collective memory
1151	Reconciliation
1152	Ethnophilosophy
1153	Nonexistent objects (Philosophy)
1154	Sex
1155	Love
1156	Homosexuality
1157	Privacy
1158	Parapsychology
1159	Psychotherapy
1160	Artificial intelligence
1161	Enlightenment
1162	Postmodernism
1163	Personality disorders
1164	Nazis
1165	National socialism
1166	Love
1167	Aesthetics, Ancient
1168	Civilization
1169	Politics and government
1170	Europe, Central
1171	Modernism (Art)
1172	Decorative arts
1173	Homosexuality
1174	Queer theory
1175	Gender identity
1176	Alternatives to imprisonment
1177	Imprisonment
1178	Ethics in literature
1179	Literature and morals
1180	Narration (Rhetoric)
1181	Fiction
1182	Literature and morals
1183	Peace (Philosophy)
1184	Apologetics
1185	Literature and society
1186	Utopias
1187	Values in literature
1188	Literature and society
1189	Existential phenomenology
1190	Nature
1191	Anti-realism
1192	Bahai Faith
1193	Culture and globalization
1194	Ethics, Evolutionary
1195	Genocide
1196	Semantics (Philosophy)
1197	Bioengineering
1198	Genetic engineering
1199	Human rights
1200	Monsters in art
1201	Curiosities and wonders
1202	Nature in art
1203	Visual perception
1204	Perception
1205	Space
1206	Topology
1207	Word (Linguistics)
1208	A priori
1209	Determinism (Philosophy)
1210	Agent (Philosophy)
1211	Menselijke natuur
1212	Photography
1213	Design
1214	Set theory
1215	German literature
1216	Truthfulness and falsehood
1217	Image of God
1218	Relation (Philosophy)
1219	Matter
1220	Hedonismus
1221	Sovereignty
1222	Monarchy
1223	Struggle
1224	Boxing
1225	Subject (Philosophy)
1226	Rationalism
1227	Neurowissenschaften
1228	Menschenbild
1229	Sense (Philosophy)
1230	Human body in mass media
1231	Identity (Psychology) in mass media
1232	Communication
1233	Mind-brain identity theory
1234	City planning
1235	Urbanization
1236	Poststructuralism
1237	Structuralism
1238	Philosophy of Mind
1239	Benjamin, Walter
1240	Political leadership
1241	Hope
1242	Self-deception
1243	Decistion making
1244	Catastrophic illness
1245	Criticism
1246	Nature
1247	Dilemma
1248	Moral
1249	Parakonsistente Logik
1250	Medical ethics
1251	Synthetic biology
1252	Politicians
1253	Theoretische Vernunft
1254	Praktische Vernunft
1255	Animal experimentation
1256	Animal welfare
1257	Laboratory animals
1258	Painting, Renaissance
1259	Painting
1260	Art and philosophy
1261	Copyright
1262	Germany (West)
1263	Representation (Philosophy)
1264	Forgiveness
1265	Guilt
1266	Forgiveness in literature
1267	Guilt in literature
1268	Human beings
1269	Constitutional law
1270	POLITICAL SCIENCE
1271	Legitimacy of governments
1272	Liberalism
1273	Neuropsychology
1274	Visual perception
1275	Knowledge, Theory of
1276	Philosophy of mind
1277	Empiricism
1278	Attention
1279	Consequentialism (Ethics)
1280	Mathematik
1281	Holocaust, Jewish (1939-1945), in art
1282	Phenomenological anthropology
1283	Ethical intuitionism
1284	Money
1285	Action theory
1286	Personality
1287	Self--Social aspects
1288	Self-management (Psychology)
1289	Identity (Psychology)
1290	Naturalism
1291	Virtue epistemology
1292	Metaphor
1293	Negativity (Philosophy)
1294	Experiment
1295	Fake news
1296	Children
1297	Children's rights
1298	Moral education
1299	Parent and child
1300	Relativity (Physics)
1301	Human genetics
1302	General
1303	Group identity
1304	Imprinting (Psychology)
1305	Experimentalphilosophie
1306	Devil
1307	Aesthetics, European
1308	Antinomy
1309	Medical innovations
1310	Drugs
1311	Pharmaceutical industry
1312	Social responsibility of business
1313	Befund
1314	Kernspintomografie
1315	Medizinische Ethik
1316	Justification (Theory of knowledge)
1317	Gettier problem
1318	Objectivity
1319	Animals in literature
1320	Animals
1321	Justice
1322	Recognition in literature
1323	Solidarity
1324	Perfektionismus
1325	Paternalismus
1326	Selbstbestimmung
1327	Gutes Leben
1328	Gemeinwesen
1329	Demokratie
1330	Politische Ethik
1331	Ethical relativism
1332	Lebensform
1333	Moralische Verantwortung
1334	Tod
1335	Distributive justice
1336	Equality
1337	Social justice
1338	Paternalism
1339	Doping in sports
1340	Sports
1341	Gerechter Krieg
1342	RELIGION
1343	Glaube
1344	Religionsphilosophie
1345	Theismus
1346	Vernunft
1347	Personality
1348	Erkenntnis
1349	Logik
1350	Ästhetik
1351	Rhetorik
1352	Weltbild
1353	Kunskapsteori
1354	Retorik
1355	Estetik
1356	Trust
1357	Interaction (Philosophy)
1358	Kunst
1359	Künste
1360	Politics and literature
1361	Social perception in children
1362	Aufsatzsammlung
1363	Neurophilosophie
1364	Philosophische Anthropologie
1365	Human evolution
1366	Sociobiology
1367	Sociobiology
1368	Behavior
1369	Biological Evolution
1370	Sozialverhalten
1371	Liebe
1372	Freundschaft
1373	Mitgefühl
1374	Aggressivität
1375	Gewalttätigkeit
1376	Inter-Gruppenkonflikt
1377	Sex differences (Psychology)
1378	Neurosciences
1379	Neurolinguistics
1380	Neurolinguistics
1381	Performance art
1382	Arts, Modern
1383	Performative (Philosophy)
1384	Time perception
1385	Modality (Theory of knowledge)
1386	Mood (Psychology) in literature
1387	Semantics (Philosophy) in literature
1388	Self in literature
1389	Presentism (Philosophy)
1390	Demonology in literature
1391	Ambiguity in literature
1392	Embryology, Human
1393	Embryonic stem cells
1394	Human genetics
1395	Human reproductive technology
1396	Reification
1397	Multiculturalism
1398	State, The
1399	Toleration
1400	Civil society
1401	Order
1402	Torture
1403	Menschenwürde
1404	Deregulation
1405	Industries
1406	Privatization
1407	Criminal law
1408	Criminal law
1409	Civil rights
1410	Frege, Gottlob
1411	Aestheticism (Literature)
1412	Social sciences--Philosophy
1413	Speech acts (Linguistics)
1414	Subjectivity
1415	Principle (Philosophy)
1416	Natural law
1417	Positivism
1418	Football
1419	Crises (Philosophy)
1420	Postmodernism
1421	Philosohy, Modern
1422	Geist
1423	Mechanismus (Philosophie)
1424	Neuropsychologie
1425	Other (Philosophy)
1426	Complexity (Philosophy)
1427	Cultural relativism
1428	Ethnology
1429	Sense
1430	Lebensphilosophie
1431	Nihilismus
1432	Sinn
1433	Truth
1434	Staatsfilosofie
1435	Torture victims
1436	Apriori
1437	Rechtfertigung
1438	Criticism
1439	Erkenntnistheorie
1440	Subjektivität
1441	Wirklichkeit
1442	Bewusstsein
1443	Authority
1444	Mass suicide
1445	Rationalists
1446	Life extension
1447	Life extension
1448	Aesthetics, Russian
1449	Painting in literature
1450	Photography in literature
1451	Art and literature
1452	Social epistemology
1453	Despotism
1454	Gods, Greek, in literature
1455	Gods, Greek
1456	Gods, Roman, in literature
1457	Gods, Roman
1458	Paganism in literature
1459	Philosophy, Portuguese
1460	Descartes, René
1461	Elisabeth, Countess Palatine
1462	Crowds
1463	Crowds in literature
1464	Crowds in motion pictures
1465	Collective behavior
1466	Time and art
1467	Poetry and the arts
1468	Poets
1469	Artists
1470	Poets
1471	Künste
1472	Das Ephemere
1473	Ästhetik
1474	Derivative securities
1475	Financial risk management
1476	Business ethics
1477	Will
1478	Motivation (Psychology)
1479	Expectation (Philosophy)
1480	Disappointment
1481	Ataraxia
1482	Hedonism
1483	Home
1484	Cognition and culture
1485	Atmosphere
1486	Design
1487	Designers
1488	Artists' materials
1489	Das Absolute
1490	Reason
1491	Religion and politics
1492	Right and left (Philosophy)
1493	Affect (Psychology)
1494	Judgment (Aesthetics)
1495	Responsibility
1496	Applied ethics
1497	Categorization (Psychology)
1498	Concepts
1499	Conceptualism
1500	Mentale Verursachung
1501	Leib-Seele-Problem
1502	Handlung
1503	Epiphänomenalismus
1504	Interdisciplinary approach to knowledge
1505	Learning and scholarship
1506	Mass media
1507	Nuclear warfare
1508	Deterrence (Strategy)
1509	World War III
1510	Nuclear warfare in literature
1511	Art and nuclear warfare
1512	Diseases
1513	Life sciences
1514	Philosophy, Medical
1515	Dignity
1516	Philosophie antique
1517	Tragédie
1518	Tragedy
1519	Melancholy (Philosophy)
1520	Idealism, German
1521	Cognitive neuroscience
1522	Mythology in literature
1523	German literature
1524	Faith and reason
1525	Tacit knowledge
1526	Interpersonal relations
1527	Celebrities
1528	Authors
1529	Material culture
1530	Space perception
1531	Mental representation
1532	Judgment (Ethics)
1533	Animals and civilization
1534	Animals, Mythical
1535	Ethics, Medical
1536	Literature
1537	Medizinische Ausbildung
1538	Literatur
1539	Medizin
1540	Deutscher Idealismus
1541	Law and ethics
1542	Aristotle
1543	Neuropsychopharmacology
1544	Neuropsychiatry
1545	Neurologie
1546	Enhancement
1547	Fear
1548	Fear
1549	Gods
1550	Religious literature
1551	Mediterranean Region
1552	Presence (Philosophy)
1553	Schopenhauer, Arthur
1554	Interdisciplinary research
1555	Positivism
1556	Pragmatism
1557	Fictions, Theory of
1558	Philosophy, German
1559	Forgiveness
1560	Pardon
1561	Culture and law
1562	Judicial process
1563	Retribution
1564	Eschatology
1565	Salvation
1566	Banks and banking
1567	Financial crises
1568	Law and art
1569	Culture and law
1570	Artists and community
1571	Holy, The
1572	ARCHITECTURE
1573	Architektur
1574	Ontology in literature
1575	Object (Aesthetics) in literature
1576	aesthetics
1577	Emotions in music
1578	Symbolism in music
1579	Theory (Philosophy)
1580	Autonomy (Philosophy) in literature
1581	Art and philosophy
1582	Moderne Physik
1583	Free logic
1584	Rule of law
1585	Torture
1586	Gender identity
1587	Gender identity in mass media
1588	Gender identity in art
1589	Reductionism
1590	Neuropsychology
1591	Authenticity (Philosophy)
1592	Logical atomism
1593	Discourse analysis
1594	Salvation
1595	Redemption
1596	Healing
1597	Salvation in literature
1598	Redemption in literature
1599	Healers in literature
1600	Food
1601	Food habits
1602	Cooking
1603	Gastronomy
1604	Anwendungsbereich
1605	Multiculturalism
1606	Protest movements
1607	Social conflict
1608	physics
1609	Map publishing
1610	Characters and characteristics
1611	Educational change
1612	Erziehungsreform
1613	Weimar (Thuringia, Germany)
1614	Jena (Germany)
1615	Visibility
1616	Invisibility
1617	Visibility in art
1618	Invisibility in art
1619	Arts and society
1620	European literature
1621	Scientific apparatus and instruments
1622	Wetenschapsgeschiedenis (wetenschap)
1623	Methodologie
1624	Authors, Exiled
1625	Authors, German
1626	Freiheit
1627	Zwang
1628	Genealogy
1629	Christian sociology
1630	Role models
1631	Visual communication
1632	World War (1939-1945)
1633	Opportunity
1634	Améry, Jean
1635	Atrocities
1636	Political theology
1637	Autonomy (Psychology)
1638	Willensschwäche
1639	Institution
1640	Altered states of consciousness
1641	Neurophysiology
1642	Group identity
1643	Folterverbot
1644	Rechtsethik
1645	Kant, Immanuel
1646	Heidegger, Martin
1647	Forecasting
1648	Fictions, Theory of
1649	Fiction
1650	Linguistic analysis (Linguistics)
1651	Phänomenologie
1652	Methode
1653	Suffering in literature
1654	Pain in literature
1655	Human body in literature
1656	Suffering in art
1657	Judaism and science
1658	Judaism and politics
1659	Rationalization (Psychology)
1660	Spirit
1661	Selbsterkenntnis
1662	Selbsttäuschung
1663	Analytische Philosophie
1664	Curiosity
1665	Arts
1666	Philosophy, British
1667	Dialogue
1668	Constructivism (Philosophy)
1669	Intentionalism
1670	Mortality
1671	Creation (Literary, artistic, etc.)
1672	Archaeology
1673	Kairos (The Greek word)
1674	Sen, Amartya
1675	Social justice (Philosophy)
1676	Soziale Gerechtigkeit
1677	Politische Philosophie
1678	Capability Approach
1679	Capability-Ansatz
1680	Entwicklungshilfe
1681	Theorie
1682	Myth
1683	Classical literature
1684	Object (Philosophy)
1685	Self-presentation
1686	Self-presentation in literature
1687	Self-presentation in art
1688	Self-presentation in motion pictures
1689	Metaethics
1690	Ethical relativism
1691	Justification (Ethics)
1692	Dancers
1693	Dancers with disabilities
1694	Self-perception
1695	Global Financial Crisis, 2008-2009
1696	Finance
1697	Neurology
1698	Panpsychism
1699	irony
1700	sentiment
1701	Friendship in literature
1702	Poetry
1703	Science fiction, Polish
1704	Brain mapping
1705	Emotions and cognition
1706	Shoplifting
1707	Definition
1708	Political oratory
1709	Enemies
1710	Hate speech
1711	Resentment
1712	Xenophobia
1713	European federation
1714	National characteristics, European
1715	Promises
1716	Practical reason
1717	Neoclassical school of economics
1718	Praktischer Grund
1719	Libertarianismus
1720	Wohlfahrtsstaat
1721	Consciousness
1722	Qualia
1723	Pragmatics
1724	Princes
1725	Art patronage
1726	Politics and culture
1727	Collection of articles
1728	Congress
1729	Revolutions
1730	Theory
1731	Education Policy
1732	Madhyamika (Buddhism)
1733	Madhyamika
1734	Mādhyamika (Buddhism)
1735	Intellectual History
1736	Muslim saints
1737	Sufism
1738	Music theory
1739	Insolubilia (Logic)
1740	Topic (Philosophy)
1741	Medicine, Arabic
1742	Pharmacy
1743	Education, Medical
1744	All and parts (Philosophy)
1745	Error
1746	Church architecture
1747	Liturgics
1748	Liturgies, Early Christian
1749	Christian philosophers
1750	Communities
1751	Intercultural Philosophy
1752	Interpersonal Relationship
1753	Astronomy, Arab
1754	Arab World
1755	Education, Medieval
1756	Christian art and symbolism
1757	Christian art
1758	Christianity and the arts
1759	Magic
1760	Occultism
1761	Religious thought
1762	Truth
1763	Mathematical geography
1764	Qiblah
1765	Priests, Jewish
1766	Islamic ethics
1767	Religion and Medicine
1768	Dreams
1769	Manuscripts, Latin (Medieval and modern)
1770	Philology, Classical
1771	Islamic heresies
1772	Dialectical theology
1773	Will
1774	Islamic sermons, Arabic
1775	Proposition (Logic)
1776	Commentary
1777	Literature theory
1778	Travel
1779	Manuscripts, Medieval
1780	Muslim scholars
1781	Scholars, Medieval
1782	Reduplication (Logic)
1783	Ethnology
1784	Antitrinitarianism
1785	Medieval philosophy
1786	Historiography
1787	Ethnocentrism
1788	Sufficient reason
1789	Integrity
1790	Medieval History
1791	Mineralogy
1792	Petrology
1793	Chance
1794	Fortune
1795	Reproduction
1796	Platoniciens
1797	Education, Medieval
1798	Myth
1799	Theory of Fictions
1800	Anaphora (Linguistics)
1801	Language and logic
1802	Speculative grammar
1803	Philosophy, Arab
1804	Meteorology
1805	Ethics, Medieval
1806	Christian philosophy (history)
1807	Church (history;congress)
1808	Religious tolerance
1809	Didactic poetry, Latin (Medieval and modern)
1810	Medieval literature
1811	Academic writing
1812	Ethnocentrism
1813	Intercultural communication
1814	Koran
1815	Divorce philosophy
1816	Self-evidence (Logic)
1817	Participation
1818	Substance (Philosophy)
1819	Philosophy of ture
1820	Dictionary
1821	Latin literature (history and criticism)
1822	Necessity (Philosophy)
1823	Christian women
1824	Virginity
1825	Verse satire, Latin (Medieval and modern)
1826	Analogy
1827	Reformation
1828	Imams (Shiites)
1829	Shiism
1830	Apostasy
1831	Sufism Doctrines
1832	theology
1833	Meteorology - Early works to 1800
1834	Weather
1835	Elements
1836	Signifiance
1837	Significance (Logic)
1838	Islamic civilization
1839	Kosmogony
1840	Modernity
1841	Hadith
1842	Text criticism
1843	Soldiers
1844	Marriage (Roman law)
1845	Medieval logic
1846	Aristotelianism
1847	Astrology, Assyro
1848	Astrology, Assyro-Babylonian
1849	Astronomy, Assyro-Babylonian
1850	Planets
1851	Botany
1852	Natural history
1853	Plant geography
1854	Antiquity
1855	Literary Themes
1856	Medicine, Chinese Traditional
1857	Astronomy, Arab
1858	Islamic sects
1859	Nosairians
1860	Ethics, Comparative
1861	Thought
1862	Full program programming
1863	Integer programming
1864	Animal locomotion
1865	Javanese (Indonesian people)
1866	Millennialism
1867	Social movements
1868	Reading
1869	Reading, Psychology of
1870	Manners and customs
1871	Minangkabau (Indonesian people)
1872	Vernacular architecture
1873	Indonesian literature
1874	Malay literature
1875	Majapahit (Kingdom)
1876	Poems
1877	Cultural anthropology
1878	Sulawesi (Indonesia)
1879	Hindu sculpture
1880	Hindu sculpture
1881	Rural women
1882	Sex role
1883	Toba-Batak (Indonesian people)
1884	Women, Toba-Batak
1885	Tapanuli Utara (Indonesia)
1886	Dance
1887	Epic poetry, Balinese
1888	Mythology, Balinese
1889	Irrigation (water management)
1890	irrigation engineers
1891	Irrigation
1892	Tropics (geography)
1893	Water management
1894	Irrigation engineers
1895	Irrigatie (waterhuishouding)
1896	Overheidsbeleid
1897	Tropen (geografie)
1898	Waterhuishouding
1899	Colonies
1900	Netherlandish colonies
1901	Fisheries
1902	Forests and forestry
1903	History 1674-1827
1904	Malays (Asian people)
1905	Socio
1906	Trade relations
1907	Siak Sri Indrapura (Sultanate)
1908	Sumatra (Indonesia)
1909	Authors, Indonesian
1910	Indonesians
1911	Landscape changes
1912	Precedence
1913	Social structure
1914	Indonesian language
1915	Malayan languages
1916	Mythology, Indonesian
1917	Toraja (Indonesian people)
1918	Mejprat (New Guinean people)
1919	Folk literature, Batak
1920	Sultanates
1921	Bima (Indonesia)
1922	Sumbawa Island (Indonesia)
1923	commerce
1924	Kings and rulers
1925	trade relations
1926	Dutch East-India Company
1927	economic history
1928	Malay literature
1929	Malay
1930	Colonial period
1931	Diplomatic relations
1932	Indonesia
1933	Jambi (Indonesia : Province)
1934	Bali Aga (Indonesian people)
1935	mountain villages
1936	Colonial Power
1937	Nationalists
1938	Nationalists
1939	Papuan languages
1940	Wambon language
1941	Gane (Indonesian people)
1942	Symbolic anthropology
1943	Symbolic anthropology
1944	Pulikin (Indonesia)
1945	Letri lgona language
1946	Letri lgona language
1947	Customary law
1948	Arthurian romances
1949	Civilization, Medieval, in literature
1950	German poetry
1951	Comparative and general grammar
1952	Translation
1953	Canadian literature
1954	Breytenbach, Breyten
1955	Aspect (Linguistique)
1956	Discours indirect libre
1957	French language
1958	Christianity in literature
1959	Old Norse literature
1960	Discourse alysis, Literary
1961	Literary style
1962	Discourse analysis, Literary
1963	Nominalism in literature
1964	Motion pictures and the arts
1965	Chinese literature
1966	Russian literature
1967	Socialist realism in literature
1968	Intersubjectivity
1969	Art historians
1970	Social &amp; Political Philosophy
1971	Perception
1972	Metaphysical
1973	Ancient Philosophy
1974	World goal
1975	Philosophy of language
1976	Tense
1977	Tense (Logic)
1978	Ethics &amp; Moral Philosophy
1979	Comparative Religion &amp; Religious Studies
1980	Early Modern Philosophy
1981	19th &amp; 20th Century Philosophy
1982	Epistemology &amp; Metaphysics
1983	Logos (Philosophy)
1984	Sympathy
1985	Aesthetics &amp; Cultural Theory
1986	Tempo (Music)
1987	Gnosticism
1988	Comparative literature
1989	Suffering
1990	Cultural relations
1991	Religion philosophy
1992	Phenomenalism
1993	Certainty
1994	Subjectivity in literature
1995	Collection of essays
1996	Artcritic
1997	Artcriticism
1998	Chaotic behavior in systems in literature
1999	Chaos theory
2000	Chaos
2001	Complexity
2002	literature
2003	Philosophy of Science
2004	Imagination in literature
2005	Modern philosophy
2006	Basis of all science teaching (spruce)
2007	Modern Western Philosophy(c.1600-)
2008	Modern Western Philosophy (c.1600- )
2009	Philosophy in literature
2010	Practical philosophy
2011	Science teaching
2012	Evolution
2013	German philosophy
2014	Film
2015	Gender
2016	Masculinity in popular culture
2017	Movie
2018	Role Collection of Articles
2019	Canadian fiction
2020	Setting (Literature)
2021	Authors, Dutch
2022	Exoticism in literature
2023	Exoticism in motion pictures
2024	Other (Philosophy) in literature
2025	Other (Philosophy) in motion pictures
2026	Imagery (Psychology)
2027	Dialogue analysis
2028	Droit
2029	Probabilities
2030	Sciences
2031	Post-communism
2032	Politics
2033	Social philosophy
2034	Bildungsideal
2035	Educatiol ideal
2036	Universities and colleges
2037	Events (Philosophy)
2038	Facts (Philosophy)
2039	Cultural contact
2040	Philosophy and civilization
2041	Philosophy and culture
2042	Philosophy, Comparative
2043	Philosophy, Austrian
2044	Logical positivism
2045	Philosophy, Austrian
2046	Gestalt psychology
2047	Convention (Philosophy)
2048	Logical positivism
2049	Modernism (Literature)
2050	Myth in literature
2051	Criticism and interpretation
2052	Greek drama (Tragedy)
2053	Tragedy
2054	Carnival
2055	The Grotesque
2056	Theories
2057	Causitive (Linguistics)
2058	Connecteurs (Linguistique)
2059	Discourse alysis
2060	Written communication
2061	Peaceful change (International relations)
2062	Teaching
2063	Communities
2064	Psychiatric ethics
2065	Psychotherapists
2066	Domince (Psychology)
2067	Social conditions
2068	Prejudices
2069	Language
2070	Pedagogy
2071	Poetry
2072	Harp in art
2073	Harp
2074	Manuscripts, Arabic
2075	Apartheid
2076	Genocide
2077	Social &amp; political philosophy
2078	Utilitarianism
2079	Social change
2080	Bibliography
2081	Humanistic ethics
2082	Caring
2083	Philosophy of Religion
2084	Judaism
2085	Theology and World Christianity
2086	International courts
2087	Justice in literature
2088	Law in literature
2089	Social values
2090	Theology, Doctrinal-History-Middle Ages, 600-1500
2091	Islam and state
2092	Islamic renewal
2093	Astrolabes
2094	Religious movements
2095	Education, Medical
2096	Medicine, Arab
2097	Islam and philosophy
2098	Islam and philosophy
2099	Hebrew poetry, Medieval
2100	Jewish religious poetry, Hebrew
2101	Soul in literature
2102	Medicine, Egyptian
2103	Veterinary medicine
2104	Medicine, Assyro-Babylonian
2105	Medicine, Traditional
2106	Apocalyptic literature
2107	Vase-painting, Greek
2108	Vases, Greek
2109	Christian poetry, Latin
2110	Manuscripts, Medieval
2111	Contingency (Philosophy)
2112	Hospitals
2113	Art, Byzantine
2114	Art, Medieval
2115	Holy Cross
2116	Islam and science
2117	Language and logic
2118	Babism
2119	Shaykhī
2120	Alexandria (Egypt)
2121	Ptolemaic Egypt
2122	Islam and science
2123	Time (Islamic law)
2124	Creation (Literary, artistic, etc
2125	Inspiration
2126	Inspiration
2127	Encyclopedias and dictionaries, Arabic
2128	Islamic learning and scholarship
2129	Social history
2130	Epic poetry, Latin (Medieval and modern)
2131	Immanence of God
2132	Philosophy &amp; Religion
2133	Reception
2134	Politics
2135	stoics
2136	Allegorical
2137	Heptaplus (Pico della Mirandola)
2138	Calendar
2139	Marriage
2140	Interpretation (Philosophy)
2141	Memory
2142	Philosophie islamique
2143	Bien
2144	Religion and sociology
2145	Africa
2146	Geology
2147	Persistence
2148	Business cycles
2149	Economics
2150	Christian life
2151	Akkadian language
2152	Omens
2153	Literature, Medieval
2154	Literature, Medieval
2155	Hadith scholars
2156	Ulama
2157	Medical care
2158	Opium
2159	Speech
2160	Grammar
2161	Islamic Theology
2162	Femininity in literature
2163	Authors and publishers
2164	Masculinity in literature
2165	Penis in literature
2166	Feminism and literature
2167	Feminism in literature
2168	Muslim women in literature
2169	Chaotic behavior in systems in literature
2170	French poetry
2171	Architecture, Domestic
2172	Dwellings
2173	Home in popular culture
2174	Nonviolence
2175	Spirituality
2176	Logic, Modern
2177	Logic, Modern
2178	Ecocriticism
2179	Nature in literature
2180	German idealism
2181	Middle Ages
2182	Knowledge and erudition in literature
2183	Learning and scholarship in literature
2184	Religious life
2185	Landbouw
2186	History, Medieval
2187	Philosophy, Classical
2188	Thirteen articles of faith (Judaism)
2189	Christian Literature
2190	Latin Literature
2191	Education, Humanistic
2192	Wisdom
2193	Islamic law
2194	Poetics
2195	Philosophical Theology
2196	Karaite philosophy
2197	Medieval sciences
2198	Elegiac poetry, Latin (Medieval and modern)
2199	Elegie
2200	Love poetry, Latin (Medieval and modern)
2201	Geometry
2202	Mathematics, Arab
2203	Discussion
2204	Hanbalites
2205	Metaphor
2206	Moral education
2207	Medieval logic
2208	Bible criticism
2209	Controversial Literature
2210	Gospels
2211	Greek
2212	Christianity and other religions
2213	Astronomie
2214	Astronomy
2215	History, Early Modern 1451-1600
2216	Atomic theory
2217	Buddhist sculpture
2218	Sculpture, Ancient
2219	Sculpture, Indonesian
2220	Postcolonialism
2221	Postcolonialism in literature
2222	Oceania
2223	Sociocultural Change
2224	Diplomacy
2225	Foreign trade
2226	Tin
2227	Deforestation
2228	Forest conservation
2229	Forest ecology
2230	Rural development
2231	Urban Development
2232	Kayan (Bornean people)
2233	Kayan
2234	Manuscripts
2235	Ugaritic literature
2236	English language
2237	German language
2238	Semiotics in literature
2239	Traduction
2240	Translating and interpreting
2241	Mass media and the environment
2242	Nature in motion pictures
2243	English fiction
2244	Human
2245	Plant names, Popular
2246	Critics
2247	Fantasy fiction
2248	Identity (Psychology) in literature
2249	Communication and culture
2250	Intercultural communication
2251	Cultural policy
2252	Culture diffusion
2253	Culture in literature
2254	Ethnicity in literature
2255	Nationalism and literature
2256	Natural philosophy
2257	German Idealism
2258	Political Philosophy
2259	Architecture and society
2260	Communist revisionism
2261	Communist self-criticism
2262	Experience (Religion)
2263	Daily life
2264	Life in literature
2265	Mothers in literature
2266	Esthetica
2267	Philosophy of art
2268	Other (Philosophy) in literature
2269	Public interest
2270	Public interest
2271	Sociological jurisprudence
2272	Transcendentalism in literature
2273	Grundlage der gesamten Wissenschaftslehre (Fichte)
2274	English literature
2275	English literature
2276	Orientalism in literature
2277	Signs and symbols
2278	Communist countries
2279	Totalitarianism
2280	Evolution
2281	Theism
2282	Christian ethics
2283	Logic, Symbolic and mathematical
2284	Phenomenological sociology
2285	Protocol sentences
2286	Vienna circle
2287	Musicologists
2288	Causality (Physics)
2289	Ontology (philosophy)
2290	Philosophers, Modern
2291	Philosophical investigations (Wittgenstein)
2292	Interpersonal communication
2293	Mental health
2294	Professional-Patient Relations
2295	Psychotherapy patients
2296	Psychotherapy
2297	Therapist and patient
2298	Discourse analysis
2299	Civil law
2300	Authors, Latin
2301	Process philosophy
2302	Dialogue
2303	Body image
2304	Psychology and literature
2305	Sex (Psychology)
2306	Friedenspolitik
2307	Public policy (Law)
2308	War (Philosophy)
2309	Fallacies (Logic)
2310	Jurisprudence
2311	Business education
2312	Work
2313	Phaedo (Plato)
2314	Morality
2315	Classical Studies
2316	Latin poetry, Medieval and modern
2317	Poetry, Medieval
2318	Oratory
2319	Feeling
2320	Term
2321	Judgment (Logic)
2322	Philosophy and cognitive science
2323	Literaturpsychology
2324	Negativity (Philosophy)
2325	Psychoanalytic interpretation
2326	Culture and globalization
2327	Education and globalization
2328	Sciences humaines
2329	Space (Architecture)
2330	Lyric poetry
2331	Lyric poetry
2332	Psychic trauma in literature
2333	Eurocentrism in literature
2334	Poor
2335	Poverty
2336	Determination
2337	Freedom
2338	Philosophical Anthropology
2339	Humanities
2340	Ethical absolutism
2341	Welfare state
2342	Public welfare
2343	Social policy
2344	Rime (Petrarca, Francesco)
2345	Nihilism (Philosophy)
2346	Cultural policy
2347	Welfare state
2348	Social policy
2349	Public welfare
2350	Political aesthetics
2351	Decision making
2352	Normative economics
2353	Consolation
2354	Soccer
2355	Orientalism
2356	Ignorance (Theory of knowledge)
2357	Responsibility
2358	Childbirth
2359	Birth customs
2360	Childbirth in literature
2361	Self-esteem
2362	Architektur
2363	Political scientists
2364	Time perception in literature
2365	Teleology
2366	Teleology
2367	Holocaust survivors
2368	Triads (Sociology)
2369	Social psychology
2370	Social interaction
2371	Dritter
2372	Dreierbeziehung
2373	Soziologie
2374	Sozialphilosophie
2375	Legal aspects
2376	Medical aspects
2377	Philosophical aspects
2378	Euthanasia
2379	Ubiquitous computing
2380	Ambient intelligence
2381	Art, Renaissance
2382	Proportion (Art)
2383	Proportion (Anthropometry) in art
2384	Perspective
2385	Relational art
2386	Women philosophers
2387	Chance
2388	Psychology, Pathological
2389	Innocence (Psychology)
2390	Symbolism
2391	Science and the arts
2392	Creative thinking
2393	System theory
2394	Empathy
2395	voluntarism
2396	Excess (Philosophy)
2397	History, Modern
2398	Plots (Drama, novel, etc.)
2399	Literature and state
2400	Rationalism in literature
2401	European literature
2402	Order (Philosophy)
2403	Hippocrates
2404	Wit and humor
2405	Art and mental illness
2406	Art and mental illness
2407	Phänomenologie
2408	Death (Biology)
2409	Death
2410	Death in art
2411	Life (Biology)
2412	Illusion (Philosophy)
2413	Picture interpretation
2414	Communication in art
2415	Politics and literature
2416	World War, 1939-1945
2417	Abstract expressionism
2418	Security classification (Government documents)
2419	Leaks (Disclosure of information)
2420	Electronic surveillance
2421	Electronic intelligence
2422	Electronic intelligence
2423	Electronic surveillance
2424	Deutung
2425	Geschichtsbild
2426	Geschichtsphilosophie
2427	Neuzeit
2428	Der Andere
2429	Sozialphilosophie
2430	Autobiography
2431	American literature
2432	American fiction
2433	Short stories, American
2434	Symbolism in art
2435	Idols and images
2436	Animal rights
2437	Assisted suicide
2438	Gods
2439	Zombiism
2440	Creativity (Linguistics)
2441	Bildwissenschaft
2442	Bild
2443	Conservatism
2444	Authority in literature
2445	War and literature
2446	Montaigne, Michel de
2447	Expressionism (Art)
2448	Nature (Aesthetics)
2449	Culture in art
2450	Reflexion (Philosophie)
2451	Morgen
2452	Alltag
2453	Philosoph
2454	Vagueness (Philosophy)
2455	Human body and technology
2456	Civilization, Western
2457	Absolute, The
2458	Academic theses
2459	Katholische Theologie
2460	Gnade
2461	Mass media and anthropology
2462	Visual anthropology
2463	Disposition (Philosophy)
2464	Bevormundung
2465	Entscheidungsfreiheit
2466	Gesundheit
2467	Nachhaltigkeit
2468	Contextualism (Philosophy)
2469	Context (Linguistics)
2470	Bioethik
2471	Rechtsbegriff
2472	Ethik
2473	Subjektives Recht
2474	Applied ethics
2475	Mimesis (The Greek word)
2476	Hospital patients
2477	Schuld
2478	Abweichendes Verhalten
2479	Willensfreiheit
2480	Hirnforschung
2481	Argumentation
2482	Begründung
2483	Moral realism
2484	Gedankenexperiment
2485	Identität
2486	Person
2487	Politische Soziologie
2488	Macht
2489	Menschenwürde
2490	philosophy
2491	Fantasy literature
2492	Fantasy films
2493	Human body
2494	Truthfulness and falsehood
2495	Liar paradox
2496	Wollen
2497	Wille
2498	Sweatshops
2499	Clothing workers
2500	Clothing trade
2501	Business ethics
2502	Gesundheitsökonomie
2503	Verteilungsgerechtigkeit
2504	Gesundheitswesen
2505	Aufteilungsgerechtigkeit
2506	Metaethics
2507	Metaethik
2508	Collective behavior
2509	Recognition (Psychology)
2510	Idea (Philosophy)
2511	Finite, The
2512	Mortality
2513	Memento mori
2514	Änderung
2515	Begriff
2516	Zeichen
2517	Semiotik
2518	Pragmatismus
2519	Moral realism
2520	Teleologie
2521	Kausalität
2522	History of Philosophy
2523	Respect
2524	Intergenerational relations
2525	Intergenerational relations
2526	Epistemic logic
2527	Play (Philosophy)
2528	Gambling
2529	Duty
2530	Agnosticism
2531	Internalism (Theory of knowledge)
2532	Dualism
2533	Medical ethics committees
2534	Medical ethics consultation
2535	Philosophy of science
2536	Evidence
2537	Proof theory
2538	Personality and emotions
2539	Other minds (Theory of knowledge)
2540	Animal genetic engineering
2541	Genanalyse
2542	Interview
2543	Heuristic
2544	Grenzen der Wissenschaft
2545	Wissen
2546	Beschränkung
2547	Wissen
2548	Human body
2549	Gefühl
2550	Gefühl
2551	Instrumentalism (Philosophy)
2552	Management
2553	Altruism
2554	Bioethical issues
2555	Biomedical enhancement
2556	Criticism (Philosophy)
2557	Knowledge representation
2558	Boundaries
2559	Claims
2560	Contiguous zones (Law of the sea)
2561	Economic zones (Law of the sea)
2562	Law of the sea
2563	Territorial waters
2564	Informed consent (Medical law)
2565	Physician and patient
2566	Legal theory
2567	Private law
2568	Creative ability
2569	Intuition
2570	Subconsciousness
2571	Phänomenologie
2572	Terrorism
2573	German drama
2574	Theater
2575	Punishment
2576	Discourse ethics
2577	Uncertainty
